date,row_count
2022-04-18,656
2022-04-19,1439
2022-04-20,1440
2022-04-21,1439
2022-04-22,1439
2022-04-23,1440
2022-04-24,1439
2022-04-25,1440
2022-04-26,1397
2022-04-27,754
2022-04-28,40621
2022-04-29,85343
2022-04-30,44181
2022-05-01,0
2022-05-02,80777
2022-05-03,85358
2022-05-04,85025
2022-05-05,85369
2022-05-06,85357
2022-05-07,85348
2022-05-08,81811
2022-05-09,77146
2022-05-10,85324
2022-05-11,5107
2022-05-12,0
2022-05-13,0
2022-05-14,0
2022-05-15,0
2022-05-16,924
2022-05-17,1440
2022-05-18,777
2022-05-19,815
2022-05-20,1440
2022-05-21,1439
2022-05-22,1197
