cap_min,horizon_h,n_seq,n_cal,n_cal_dropped,scp_picp,scp_mpiw,aci_picp,aci_mpiw
15,6,4447,817,72,99.6,10.0,90.1,5.8
15,12,4086,673,144,100.0,14.0,82.0,6.1
15,24,3424,653,31,97.4,14.0,94.8,37.6
15,48,3032,514,92,62.6,14.0,62.6,28.9
30,6,4481,824,72,99.6,10.0,90.3,5.7
30,12,4162,688,144,100.0,14.0,83.4,6.1
30,24,3424,653,31,97.4,14.0,94.8,37.6
30,48,3040,517,91,62.5,14.0,62.5,29.0
60,6,4619,851,72,99.6,10.0,90.3,4.8
60,12,4227,701,144,100.0,14.0,83.3,5.7
60,24,3471,663,31,96.8,14.0,95.0,44.4
60,48,3087,536,81,61.5,14.0,61.5,29.2
120,6,4619,851,72,99.6,10.0,90.3,4.8
120,12,4227,701,144,100.0,14.0,83.3,5.7
120,24,3471,663,31,96.8,14.0,95.0,44.4
120,48,3087,536,81,61.5,14.0,61.5,29.2
