site,horizon_h,n_seq,n_train,n_cal,n_test,n_cal_dropped,scp_picp,scp_mpiw,aci_picp,aci_mpiw
Morocco,6,4481,2616,824,897,72,99.6,10.0,90.3,5.7
Morocco,12,4162,2353,688,833,144,100.0,14.0,83.4,6.1
Morocco,24,3424,1801,653,686,31,97.4,14.0,94.8,37.6
Morocco,48,3040,1260,517,608,91,62.5,14.0,62.5,29.0
Iraq,6,24739,14771,4875,4949,72,99.9,0.0,99.9,0.0
Iraq,12,24554,14588,4766,4912,144,99.6,0.0,99.6,0.0
Iraq,24,24418,14362,4595,4885,288,99.4,0.0,99.4,0.0
Iraq,48,23890,13806,4202,4778,576,99.4,0.0,99.4,0.0
Johannesburg,6,8732,5233,1740,1747,6,91.1,184.5,90.1,184.2
Johannesburg,12,8726,5223,1733,1746,12,91.3,180.2,90.0,180.4
Johannesburg,24,8714,5204,1718,1744,24,88.5,179.1,89.9,186.5
Johannesburg,48,8690,5166,1690,1738,48,90.0,180.4,90.0,190.0
