family,geom,method,frac,picp_mean,mpiw_mean,calib_err_pp,n_cal_mean,n_nan
lstm,distributed,ffill,0.0,0.8982,122.621,0.2191,1729.5,0
lstm,distributed,ffill,0.1,0.9028,124.2926,1.72,1729.5,0
lstm,distributed,ffill,0.2,0.9035,125.078,2.4652,1729.5,0
lstm,distributed,ffill,0.3,0.8993,124.7512,3.0881,1729.5,0
lstm,distributed,ffill,0.4,0.8994,125.2477,3.3338,1729.5,0
lstm,distributed,ffill,0.5,0.8939,124.4323,3.6825,1729.5,0
lstm,distributed,linear,0.0,0.8982,122.621,0.2191,1729.5,0
lstm,distributed,linear,0.1,0.8948,121.6586,0.9546,1729.5,0
lstm,distributed,linear,0.2,0.8889,120.0077,1.5579,1729.5,0
lstm,distributed,linear,0.3,0.8787,117.4968,2.3927,1729.5,0
lstm,distributed,linear,0.4,0.8715,115.6945,2.974,1729.5,0
lstm,distributed,linear,0.5,0.8588,113.0641,4.5509,1729.5,0
lstm,distributed,none,0.0,0.8982,122.621,0.2191,1729.5,0
lstm,distributed,none,0.1,0.8984,122.6967,0.3365,1414.7,0
lstm,distributed,none,0.2,0.8989,122.7938,0.5244,1136.825,0
lstm,distributed,none,0.3,0.9004,123.1325,0.744,893.725,0
lstm,distributed,none,0.4,0.8994,122.8891,0.8396,681.7625,0
lstm,distributed,none,0.5,0.8992,122.843,1.0908,489.375,0
lstm,distributed,spline,0.0,0.8982,122.621,0.2191,1729.5,0
lstm,distributed,spline,0.1,0.9899,228.0595,8.9861,1729.5,0
lstm,distributed,spline,0.2,1.0,999.1626,10.0,1729.5,0
lstm,distributed,spline,0.3,1.0,1801.9985,10.0,1729.5,0
lstm,distributed,spline,0.4,1.0,2687.6506,10.0,1729.5,0
lstm,distributed,spline,0.5,1.0,3391.9703,10.0,1729.5,0
lstm,isolated,ffill,0.0,0.8982,122.621,0.2191,1729.5,0
lstm,isolated,ffill,0.1,0.8982,122.6423,0.3442,1729.5,0
lstm,isolated,ffill,0.2,0.8992,122.8532,0.5172,1729.5,0
lstm,isolated,ffill,0.3,0.8992,122.824,0.6587,1729.5,0
lstm,isolated,ffill,0.4,0.8988,122.7394,0.6308,1729.5,0
lstm,isolated,ffill,0.5,0.8977,122.5075,0.6796,1729.5,0
lstm,isolated,linear,0.0,0.8982,122.621,0.2191,1729.5,0
lstm,isolated,linear,0.1,0.8904,120.5661,0.9602,1729.5,0
lstm,isolated,linear,0.2,0.8828,118.3994,1.7161,1729.5,0
lstm,isolated,linear,0.3,0.8739,116.0547,2.612,1729.5,0
lstm,isolated,linear,0.4,0.864,113.6621,3.6048,1729.5,0
lstm,isolated,linear,0.5,0.852,110.9339,4.8036,1729.5,0
lstm,isolated,none,0.0,0.8982,122.621,0.2191,1729.5,0
lstm,isolated,none,0.1,0.8987,122.7531,0.273,1516.1125,0
lstm,isolated,none,0.2,0.8994,122.9174,0.4211,1172.8625,0
lstm,isolated,none,0.3,0.9,123.0346,0.6887,705.6625,0
lstm,isolated,none,0.4,0.8993,122.9624,1.1616,317.1125,0
lstm,isolated,none,0.5,0.9036,125.3669,2.6709,94.0625,0
lstm,isolated,spline,0.0,0.8982,122.621,0.2191,1729.5,0
lstm,isolated,spline,0.1,0.909,125.3226,0.899,1729.5,0
lstm,isolated,spline,0.2,0.9204,128.6896,2.0424,1729.5,0
lstm,isolated,spline,0.3,0.9315,132.847,3.1523,1729.5,0
lstm,isolated,spline,0.4,0.9445,139.4624,4.4454,1729.5,0
lstm,isolated,spline,0.5,0.9546,147.064,5.4613,1729.5,0
lstm,single,ffill,0.0,0.8982,122.621,0.2191,1729.5,0
lstm,single,ffill,0.1,0.8911,120.9113,1.5549,1729.5,0
lstm,single,ffill,0.2,0.8774,117.304,2.9209,1729.5,0
lstm,single,ffill,0.3,0.863,114.0987,4.5036,1729.5,0
lstm,single,ffill,0.4,0.8443,110.1874,6.3712,1729.5,0
lstm,single,ffill,0.5,0.8378,110.5679,7.7639,1729.5,0
lstm,single,linear,0.0,0.8982,122.621,0.2191,1729.5,0
lstm,single,linear,0.1,0.8875,119.6556,1.3535,1729.5,0
lstm,single,linear,0.2,0.8763,116.7173,2.5304,1729.5,0
lstm,single,linear,0.3,0.8648,114.9757,4.4725,1729.5,0
lstm,single,linear,0.4,0.8595,114.7848,5.7837,1729.5,0
lstm,single,linear,0.5,0.8375,109.5423,7.3668,1729.5,0
lstm,single,none,0.0,0.8982,122.621,0.2191,1729.5,0
lstm,single,none,0.1,0.8974,122.4263,0.3139,1509.0,0
lstm,single,none,0.2,0.8963,122.1402,0.469,1334.0,0
lstm,single,none,0.3,0.8945,121.6302,0.6184,1159.6,0
lstm,single,none,0.4,0.8908,120.6151,0.9294,984.0,0
lstm,single,none,0.5,0.8893,120.1515,1.0938,812.8125,0
lstm,single,spline,0.0,0.8982,122.621,0.2191,1729.5,0
lstm,single,spline,0.1,0.9954,276.681,9.536,1729.5,0
lstm,single,spline,0.2,1.0,6071.3591,10.0,1729.5,0
lstm,single,spline,0.3,1.0,10971.8665,10.0,1729.5,0
lstm,single,spline,0.4,1.0,14900.1229,10.0,1729.5,0
lstm,single,spline,0.5,1.0,23056.7454,10.0,1729.5,0
ridge,distributed,ffill,0.0,0.8992,124.2449,0.4689,1729.5,0
ridge,distributed,ffill,0.1,0.9039,126.4004,1.6693,1729.5,0
ridge,distributed,ffill,0.2,0.9063,128.1386,2.5729,1729.5,0
ridge,distributed,ffill,0.3,0.904,128.2097,3.0735,1729.5,0
ridge,distributed,ffill,0.4,0.9061,129.0221,3.2044,1729.5,0
ridge,distributed,ffill,0.5,0.9049,129.1923,3.3186,1729.5,0
ridge,distributed,linear,0.0,0.8992,124.2449,0.4689,1729.5,0
ridge,distributed,linear,0.1,0.8957,123.2548,0.9209,1729.5,0
ridge,distributed,linear,0.2,0.889,121.6411,1.5965,1729.5,0
ridge,distributed,linear,0.3,0.8794,119.3009,2.3885,1729.5,0
ridge,distributed,linear,0.4,0.875,118.1722,2.7772,1729.5,0
ridge,distributed,linear,0.5,0.8631,115.5252,4.083,1729.5,0
ridge,distributed,none,0.0,0.8992,124.2449,0.4689,1729.5,0
ridge,distributed,none,0.1,0.8989,124.1775,0.5258,1414.7,0
ridge,distributed,none,0.2,0.8995,124.3496,0.6423,1136.825,0
ridge,distributed,none,0.3,0.9003,124.5871,0.6771,893.725,0
ridge,distributed,none,0.4,0.9003,124.598,0.7869,681.7625,0
ridge,distributed,none,0.5,0.9001,124.6595,1.0858,489.375,0
ridge,distributed,spline,0.0,0.8992,124.2449,0.4689,1729.5,0
ridge,distributed,spline,0.1,0.9917,239.2752,9.1726,1729.5,0
ridge,distributed,spline,0.2,1.0,1042.8542,10.0,1729.5,0
ridge,distributed,spline,0.3,1.0,1885.6603,10.0,1729.5,0
ridge,distributed,spline,0.4,1.0,2832.2118,10.0,1729.5,0
ridge,distributed,spline,0.5,1.0,3598.641,10.0,1729.5,0
ridge,isolated,ffill,0.0,0.8992,124.2449,0.4689,1729.5,0
ridge,isolated,ffill,0.1,0.8979,123.9518,0.5453,1729.5,0
ridge,isolated,ffill,0.2,0.8986,124.0678,0.6472,1729.5,0
ridge,isolated,ffill,0.3,0.8986,124.028,0.6897,1729.5,0
ridge,isolated,ffill,0.4,0.8973,123.8162,0.6813,1729.5,0
ridge,isolated,ffill,0.5,0.8964,123.5996,0.7895,1729.5,0
ridge,isolated,linear,0.0,0.8992,124.2449,0.4689,1729.5,0
ridge,isolated,linear,0.1,0.8906,121.9987,0.9372,1729.5,0
ridge,isolated,linear,0.2,0.8822,119.8364,1.7771,1729.5,0
ridge,isolated,linear,0.3,0.873,117.5372,2.7022,1729.5,0
ridge,isolated,linear,0.4,0.8628,115.1151,3.7205,1729.5,0
ridge,isolated,linear,0.5,0.851,112.164,4.8966,1729.5,0
ridge,isolated,none,0.0,0.8992,124.2449,0.4689,1729.5,0
ridge,isolated,none,0.1,0.8981,124.032,0.4617,1516.1125,0
ridge,isolated,none,0.2,0.8981,124.0067,0.5764,1172.8625,0
ridge,isolated,none,0.3,0.899,124.1498,0.718,705.6625,0
ridge,isolated,none,0.4,0.898,124.1587,1.2853,317.1125,0
ridge,isolated,none,0.5,0.9024,126.4602,2.6835,94.0625,0
ridge,isolated,spline,0.0,0.8992,124.2449,0.4689,1729.5,0
ridge,isolated,spline,0.1,0.9085,126.6767,0.9047,1729.5,0
ridge,isolated,spline,0.2,0.9195,130.2233,1.9462,1729.5,0
ridge,isolated,spline,0.3,0.9301,134.7233,3.0136,1729.5,0
ridge,isolated,spline,0.4,0.9425,141.1043,4.2541,1729.5,0
ridge,isolated,spline,0.5,0.9549,148.3796,5.4913,1729.5,0
ridge,single,ffill,0.0,0.8992,124.2449,0.4689,1729.5,0
ridge,single,ffill,0.1,0.893,123.0113,1.3693,1729.5,0
ridge,single,ffill,0.2,0.881,119.969,2.547,1729.5,0
ridge,single,ffill,0.3,0.8664,116.6758,4.2307,1729.5,0
ridge,single,ffill,0.4,0.8477,112.2421,6.0936,1729.5,0
ridge,single,ffill,0.5,0.8368,111.6353,7.9642,1729.5,0
ridge,single,linear,0.0,0.8992,124.2449,0.4689,1729.5,0
ridge,single,linear,0.1,0.8899,121.735,1.1775,1729.5,0
ridge,single,linear,0.2,0.8804,119.3265,2.1986,1729.5,0
ridge,single,linear,0.3,0.8708,118.3964,4.0855,1729.5,0
ridge,single,linear,0.4,0.8623,116.7163,5.5083,1729.5,0
ridge,single,linear,0.5,0.8376,111.0131,7.3679,1729.5,0
ridge,single,none,0.0,0.8992,124.2449,0.4689,1729.5,0
ridge,single,none,0.1,0.8983,124.0594,0.501,1509.0,0
ridge,single,none,0.2,0.8975,123.8172,0.5293,1334.0,0
ridge,single,none,0.3,0.8965,123.5663,0.6264,1159.6,0
ridge,single,none,0.4,0.8932,122.7893,0.7428,984.0,0
ridge,single,none,0.5,0.893,122.6181,0.8543,812.8125,0
ridge,single,spline,0.0,0.8992,124.2449,0.4689,1729.5,0
ridge,single,spline,0.1,0.9971,343.7883,9.7075,1729.5,0
ridge,single,spline,0.2,1.0,6340.8646,10.0,1729.5,0
ridge,single,spline,0.3,1.0,11095.7638,10.0,1729.5,0
ridge,single,spline,0.4,1.0,16169.1705,10.0,1729.5,0
ridge,single,spline,0.5,1.0,23507.3914,10.0,1729.5,0
