method,n_events_min,n_events_max,miss_min,miss_max,fa_min,fa_max,cost_r50_min,cost_r50_max
aci_ens_sigma,0,0,0.0,0.0,0.1061,0.5,0.1061,0.5
aci_mc_sigma,0,0,0.0,0.0,0.2087,0.5303,0.2087,0.5303
aci_persistence,0,0,0.0,0.0,0.0686,0.5016,0.0686,0.5016
always_irrigate,0,0,0.0,0.0,1.0,1.0,1.0,1.0
enbpi_ridge,0,0,0.0,0.0,0.0098,0.2106,0.0098,0.2106
mc_gauss,0,0,0.0,0.0,0.0304,0.1942,0.0304,0.1942
never_irrigate,0,0,0.0,0.0,0.0,0.0,0.0,0.0
oracle,0,0,0.0,0.0,0.0,0.0,0.0,0.0
scp_persistence,0,0,0.0,0.0,0.0,0.0011,0.0,0.0011
