geometry,fraction_pct,linear_err_pp,linear_mpiw,ffill_err_pp,ffill_mpiw,spline_err_pp,spline_mpiw,none_err_pp,none_mpiw
single,10,1.1,176,1.1,176,8.5,496,1.0,181
single,20,2.1,170,2.1,170,9.2,1300,1.1,181
single,30,4.1,162,4.1,162,9.1,1508,1.2,181
single,40,6.7,154,6.7,154,9.3,1306,1.2,181
single,50,10.1,143,10.0,143,9.7,1829,1.1,180
isolated,10,1.0,177,1.0,182,1.4,186,1.1,181
isolated,20,1.3,174,1.1,182,2.2,192,1.3,182
isolated,30,2.2,169,1.1,182,3.3,199,1.3,182
isolated,40,3.3,165,1.1,183,4.5,209,1.4,183
isolated,50,4.5,161,1.1,182,5.6,219,1.5,183
