method,seed,level,horizon,picp,mpiw,winkler
qr_raw,42,0.9,6h,0.2443,11.667,281.074
cqr,42,0.9,6h,0.2427,7.655,307.400
aci_cqr,42,0.9,6h,0.6839,89.068,90.670
qr_raw,42,0.9,12h,0.2889,12.849,268.804
cqr,42,0.9,12h,0.2845,10.375,283.941
aci_cqr,42,0.9,12h,0.7209,83.539,84.922
qr_raw,42,0.9,24h,0.4456,11.190,263.868
cqr,42,0.9,24h,0.4581,13.667,252.770
aci_cqr,42,0.9,24h,0.8683,71.395,72.422
qr_raw,42,0.9,48h,0.2399,16.151,158.340
cqr,42,0.9,48h,0.2628,18.397,143.713
aci_cqr,42,0.9,48h,0.8705,52.783,53.575
qr_raw,42,0.95,6h,0.2938,19.166,408.063
cqr,42,0.95,6h,0.2633,13.433,485.043
aci_cqr,42,0.95,6h,0.6839,82.077,84.740
qr_raw,42,0.95,12h,0.3237,15.193,493.812
cqr,42,0.95,12h,0.3172,13.989,508.968
aci_cqr,42,0.95,12h,0.7225,82.640,85.213
qr_raw,42,0.95,24h,0.5065,16.355,467.616
cqr,42,0.95,24h,0.5016,15.228,477.668
aci_cqr,42,0.95,24h,0.9135,71.951,74.023
qr_raw,42,0.95,48h,0.5675,21.520,178.947
cqr,42,0.95,48h,0.5408,20.740,185.170
aci_cqr,42,0.95,48h,0.8906,50.051,52.742
qr_raw,123,0.9,6h,0.4282,18.548,102.642
cqr,123,0.9,6h,0.3749,12.784,131.320
aci_cqr,123,0.9,6h,0.7443,57.240,58.213
qr_raw,123,0.9,12h,0.4663,17.101,139.277
cqr,123,0.9,12h,0.4271,13.359,156.233
aci_cqr,123,0.9,12h,0.8172,58.401,59.248
qr_raw,123,0.9,24h,0.5343,18.143,183.857
cqr,123,0.9,24h,0.5343,18.024,184.290
aci_cqr,123,0.9,24h,0.8575,49.184,59.095
qr_raw,123,0.9,48h,0.2193,20.066,223.563
cqr,123,0.9,48h,0.2193,20.316,221.861
aci_cqr,123,0.9,48h,0.8542,63.304,68.552
qr_raw,123,0.95,6h,0.7786,26.865,99.459
cqr,123,0.95,6h,0.4995,20.918,134.709
aci_cqr,123,0.95,6h,0.7557,54.900,56.664
qr_raw,123,0.95,12h,0.7693,29.423,109.802
cqr,123,0.95,12h,0.5979,25.180,131.396
aci_cqr,123,0.95,12h,0.9184,39.919,43.438
qr_raw,123,0.95,24h,0.5365,21.967,314.845
cqr,123,0.95,24h,0.5354,20.135,330.008
aci_cqr,123,0.95,24h,0.8972,49.959,59.935
qr_raw,123,0.95,48h,0.3808,26.353,323.577
cqr,123,0.95,48h,0.3221,24.386,347.076
aci_cqr,123,0.95,48h,0.8700,63.809,68.845
qr_raw,2024,0.9,6h,0.2905,16.306,166.033
cqr,2024,0.9,6h,0.2818,13.754,181.702
aci_cqr,2024,0.9,6h,0.7214,67.576,68.662
qr_raw,2024,0.9,12h,0.3721,18.954,203.531
cqr,2024,0.9,12h,0.3482,14.758,226.137
aci_cqr,2024,0.9,12h,0.7835,67.517,68.439
qr_raw,2024,0.9,24h,0.5054,16.194,244.381
cqr,2024,0.9,24h,0.5256,17.245,240.353
aci_cqr,2024,0.9,24h,0.9042,57.023,57.864
qr_raw,2024,0.9,48h,0.2171,20.722,240.661
cqr,2024,0.9,48h,0.2176,20.804,240.096
aci_cqr,2024,0.9,48h,0.8542,63.936,66.293
qr_raw,2024,0.95,6h,0.3972,27.358,186.799
cqr,2024,0.95,6h,0.3498,20.618,264.658
aci_cqr,2024,0.95,6h,0.7753,63.791,65.575
qr_raw,2024,0.95,12h,0.4146,25.630,275.996
cqr,2024,0.95,12h,0.3993,22.783,306.921
aci_cqr,2024,0.95,12h,0.8243,67.195,68.949
qr_raw,2024,0.95,24h,0.5370,20.534,420.420
cqr,2024,0.95,24h,0.5370,18.454,437.601
aci_cqr,2024,0.95,24h,0.9440,59.188,64.650
qr_raw,2024,0.95,48h,0.2203,25.284,344.140
cqr,2024,0.95,48h,0.2182,23.789,365.990
aci_cqr,2024,0.95,48h,0.8890,62.846,65.202
qr_raw,7,0.9,6h,0.3607,14.050,159.104
cqr,7,0.9,6h,0.3760,14.428,157.091
aci_cqr,7,0.9,6h,0.6638,69.361,70.549
qr_raw,7,0.9,12h,0.3357,18.105,135.480
cqr,7,0.9,12h,0.2236,13.157,166.200
aci_cqr,7,0.9,12h,0.6937,62.005,63.009
qr_raw,7,0.9,24h,0.5365,18.637,163.162
cqr,7,0.9,24h,0.5359,16.721,170.137
aci_cqr,7,0.9,24h,0.8988,46.992,47.811
qr_raw,7,0.9,48h,0.3825,19.629,214.263
cqr,7,0.9,48h,0.3814,19.614,214.340
aci_cqr,7,0.9,48h,0.9032,57.308,58.213
qr_raw,7,0.95,6h,0.6279,21.754,122.142
cqr,7,0.95,6h,0.3123,14.555,194.753
aci_cqr,7,0.95,6h,0.6866,57.250,59.288
qr_raw,7,0.95,12h,0.5974,23.781,158.788
cqr,7,0.95,12h,0.4189,17.762,213.369
aci_cqr,7,0.95,12h,0.7410,56.745,58.510
qr_raw,7,0.95,24h,0.5403,27.076,230.039
cqr,7,0.95,24h,0.5386,24.207,253.627
aci_cqr,7,0.95,24h,0.9450,53.159,54.607
qr_raw,7,0.95,48h,0.5392,26.486,316.517
cqr,7,0.95,48h,0.5337,23.503,341.048
aci_cqr,7,0.95,48h,0.9304,56.731,58.756
qr_raw,99,0.9,6h,0.2465,14.283,234.031
cqr,99,0.9,6h,0.2399,9.526,265.276
aci_cqr,99,0.9,6h,0.6763,78.432,79.718
qr_raw,99,0.9,12h,0.2976,14.501,282.212
cqr,99,0.9,12h,0.2845,9.782,311.120
aci_cqr,99,0.9,12h,0.7231,80.785,82.018
qr_raw,99,0.9,24h,0.4385,14.305,253.736
cqr,99,0.9,24h,0.4048,12.667,261.626
aci_cqr,99,0.9,24h,0.8602,68.210,69.058
qr_raw,99,0.9,48h,0.2176,16.398,282.184
cqr,99,0.9,48h,0.2171,15.415,288.898
aci_cqr,99,0.9,48h,0.8803,65.556,67.206
qr_raw,99,0.95,6h,0.5016,23.404,298.705
cqr,99,0.95,6h,0.4070,20.017,331.850
aci_cqr,99,0.95,6h,0.6687,76.785,79.110
qr_raw,99,0.95,12h,0.3368,20.151,409.131
cqr,99,0.95,12h,0.2982,13.542,492.710
aci_cqr,99,0.95,12h,0.7165,77.191,79.499
qr_raw,99,0.95,24h,0.5348,21.145,424.844
cqr,99,0.95,24h,0.4875,17.674,455.143
aci_cqr,99,0.95,24h,0.8857,65.987,67.598
qr_raw,99,0.95,48h,0.2367,23.042,389.383
cqr,99,0.95,48h,0.2176,17.638,468.124
aci_cqr,99,0.95,48h,0.9102,63.516,65.405
qr_raw,0,0.9,6h,0.5958,20.268,124.985
cqr,0,0.9,6h,0.4946,14.840,143.670
aci_cqr,0,0.9,6h,0.6415,66.976,68.177
qr_raw,0,0.9,12h,0.6164,22.078,155.682
cqr,0,0.9,12h,0.5087,17.153,172.186
aci_cqr,0,0.9,12h,0.6904,71.265,72.461
qr_raw,0,0.9,24h,0.5370,20.145,188.964
cqr,0,0.9,24h,0.5375,21.351,184.590
aci_cqr,0,0.9,24h,0.8983,48.520,52.657
qr_raw,0,0.9,48h,0.2225,17.368,219.942
cqr,0,0.9,48h,0.2225,17.398,219.738
aci_cqr,0,0.9,48h,0.9021,60.032,65.009
qr_raw,0,0.95,6h,0.7622,27.460,115.958
cqr,0,0.95,6h,0.5577,20.068,157.810
aci_cqr,0,0.95,6h,0.6415,59.101,61.051
qr_raw,0,0.95,12h,0.7187,31.769,224.925
cqr,0,0.95,12h,0.6768,26.516,251.471
aci_cqr,0,0.95,12h,0.6910,69.184,71.295
qr_raw,0,0.95,24h,0.5397,27.922,325.505
cqr,0,0.95,24h,0.5386,25.547,345.013
aci_cqr,0,0.95,24h,0.9450,57.129,58.618
qr_raw,0,0.95,48h,0.2269,32.027,382.270
cqr,0,0.95,48h,0.2236,27.693,445.084
aci_cqr,0,0.95,48h,0.9211,73.017,79.348
qr_raw,1,0.9,6h,0.3808,17.319,190.343
cqr,1,0.9,6h,0.3096,11.147,224.538
aci_cqr,1,0.9,6h,0.7095,61.668,62.630
qr_raw,1,0.9,12h,0.4015,9.852,287.307
cqr,1,0.9,12h,0.2960,4.226,318.078
aci_cqr,1,0.9,12h,0.7530,63.271,64.098
qr_raw,1,0.9,24h,0.4075,15.347,231.890
cqr,1,0.9,24h,0.4075,15.575,230.767
aci_cqr,1,0.9,24h,0.8857,55.805,65.472
qr_raw,1,0.9,48h,0.1795,15.730,270.079
cqr,1,0.9,48h,0.2187,17.564,257.310
aci_cqr,1,0.9,48h,0.8912,68.592,76.339
qr_raw,1,0.95,6h,0.5000,26.092,184.344
cqr,1,0.95,6h,0.4255,19.516,248.521
aci_cqr,1,0.95,6h,0.7590,56.727,58.460
qr_raw,1,0.95,12h,0.5397,24.222,338.457
cqr,1,0.95,12h,0.5370,17.913,390.325
aci_cqr,1,0.95,12h,0.9412,50.351,53.256
qr_raw,1,0.95,24h,0.4641,22.312,374.840
cqr,1,0.95,24h,0.4195,18.895,409.335
aci_cqr,1,0.95,24h,0.9081,56.803,66.493
qr_raw,1,0.95,48h,0.4891,24.348,440.858
cqr,1,0.95,48h,0.4831,22.657,456.579
aci_cqr,1,0.95,48h,0.8917,68.583,85.080
qr_raw,2,0.9,6h,0.2960,16.904,199.760
cqr,2,0.9,6h,0.2454,11.824,231.866
aci_cqr,2,0.9,6h,0.7095,65.079,66.060
qr_raw,2,0.9,12h,0.4189,15.690,287.303
cqr,2,0.9,12h,0.3145,11.156,311.675
aci_cqr,2,0.9,12h,0.7486,68.492,69.353
qr_raw,2,0.9,24h,0.3825,19.573,256.369
cqr,2,0.9,24h,0.3825,19.778,255.306
aci_cqr,2,0.9,24h,0.9042,53.449,64.977
qr_raw,2,0.9,48h,0.2182,14.754,368.927
cqr,2,0.9,48h,0.2182,14.758,368.901
aci_cqr,2,0.9,48h,0.9102,67.759,75.553
qr_raw,2,0.95,6h,0.5370,23.511,268.377
cqr,2,0.95,6h,0.5044,17.425,319.000
aci_cqr,2,0.95,6h,0.7503,56.315,57.883
qr_raw,2,0.95,12h,0.4429,25.156,364.136
cqr,2,0.95,12h,0.3596,17.988,442.851
aci_cqr,2,0.95,12h,0.7334,68.373,70.131
qr_raw,2,0.95,24h,0.5071,26.265,342.255
cqr,2,0.95,24h,0.4494,24.301,360.848
aci_cqr,2,0.95,24h,0.9429,57.038,68.297
qr_raw,2,0.95,48h,0.3874,25.903,480.208
cqr,2,0.95,48h,0.3433,23.012,513.984
aci_cqr,2,0.95,48h,0.9391,76.879,89.427
qr_raw,3,0.9,6h,0.3232,18.517,186.698
cqr,3,0.9,6h,0.2807,13.330,217.593
aci_cqr,3,0.9,6h,0.6975,72.467,73.614
qr_raw,3,0.9,12h,0.3493,14.315,276.496
cqr,3,0.9,12h,0.3297,11.048,294.802
aci_cqr,3,0.9,12h,0.7503,81.040,82.254
qr_raw,3,0.9,24h,0.4777,18.223,222.378
cqr,3,0.9,24h,0.4635,17.770,224.320
aci_cqr,3,0.9,24h,0.9048,52.487,62.064
qr_raw,3,0.9,48h,0.4010,18.614,241.345
cqr,3,0.9,48h,0.4717,21.432,228.495
aci_cqr,3,0.9,48h,0.8471,64.667,66.762
qr_raw,3,0.95,6h,0.3667,24.726,275.760
cqr,3,0.95,6h,0.3455,19.805,334.197
aci_cqr,3,0.95,6h,0.7459,72.489,74.743
qr_raw,3,0.95,12h,0.4543,26.699,316.988
cqr,3,0.95,12h,0.4407,24.138,342.711
aci_cqr,3,0.95,12h,0.7965,69.796,71.765
qr_raw,3,0.95,24h,0.5392,24.278,322.322
cqr,3,0.95,24h,0.5386,23.889,325.522
aci_cqr,3,0.95,24h,0.9467,55.003,61.609
qr_raw,3,0.95,48h,0.5082,27.236,382.459
cqr,3,0.95,48h,0.5044,24.561,406.225
aci_cqr,3,0.95,48h,0.8781,65.377,69.721
qr_raw,4,0.9,6h,0.2845,17.319,244.693
cqr,4,0.9,6h,0.2138,11.027,286.054
aci_cqr,4,0.9,6h,0.6834,90.464,92.100
qr_raw,4,0.9,12h,0.2965,18.724,254.898
cqr,4,0.9,12h,0.2824,11.901,296.835
aci_cqr,4,0.9,12h,0.7203,88.722,90.261
qr_raw,4,0.9,24h,0.5120,24.383,204.873
cqr,4,0.9,24h,0.5082,23.638,207.778
aci_cqr,4,0.9,24h,0.8814,69.647,70.559
qr_raw,4,0.9,48h,0.2252,25.143,169.824
cqr,4,0.9,48h,0.2263,25.744,165.766
aci_cqr,4,0.9,48h,0.8732,58.966,61.286
qr_raw,4,0.95,6h,0.5234,28.254,298.164
cqr,4,0.95,6h,0.2900,22.989,354.280
aci_cqr,4,0.95,6h,0.6839,80.821,83.122
qr_raw,4,0.95,12h,0.3041,22.637,435.129
cqr,4,0.95,12h,0.2835,15.083,534.806
aci_cqr,4,0.95,12h,0.7252,85.840,88.472
qr_raw,4,0.95,24h,0.5457,29.479,294.563
cqr,4,0.95,24h,0.5136,25.290,329.799
aci_cqr,4,0.95,24h,0.8901,67.301,68.972
qr_raw,4,0.95,48h,0.3498,29.420,270.990
cqr,4,0.95,48h,0.3047,26.689,305.075
aci_cqr,4,0.95,48h,0.8852,61.042,63.412
qr_raw,5,0.9,6h,0.2666,21.693,212.103
cqr,5,0.9,6h,0.2492,17.936,236.401
aci_cqr,5,0.9,6h,0.6594,84.331,85.658
qr_raw,5,0.9,12h,0.3166,25.156,198.983
cqr,5,0.9,12h,0.2824,18.269,240.519
aci_cqr,5,0.9,12h,0.7046,80.203,81.420
qr_raw,5,0.9,24h,0.4750,21.330,225.735
cqr,5,0.9,24h,0.4733,21.020,227.055
aci_cqr,5,0.9,24h,0.8634,72.558,73.551
qr_raw,5,0.9,48h,0.1866,21.269,327.235
cqr,5,0.9,48h,0.2106,21.870,323.014
aci_cqr,5,0.9,48h,0.8966,77.288,79.077
qr_raw,5,0.95,6h,0.2992,23.845,370.251
cqr,5,0.95,6h,0.2508,20.757,411.959
aci_cqr,5,0.95,6h,0.6621,83.830,86.289
qr_raw,5,0.95,12h,0.4211,32.760,274.901
cqr,5,0.95,12h,0.3890,27.168,335.847
aci_cqr,5,0.95,12h,0.7345,75.416,77.480
qr_raw,5,0.95,24h,0.5375,33.450,353.174
cqr,5,0.95,24h,0.5354,29.652,384.510
aci_cqr,5,0.95,24h,0.8433,72.711,74.420
qr_raw,5,0.95,48h,0.2187,27.777,563.819
cqr,5,0.95,48h,0.2035,22.798,636.788
aci_cqr,5,0.95,48h,0.8754,76.285,78.251
qr_raw,6,0.9,6h,0.3825,21.217,149.921
cqr,6,0.9,6h,0.3264,14.897,184.349
aci_cqr,6,0.9,6h,0.7307,63.946,64.887
qr_raw,6,0.9,12h,0.4336,20.393,240.423
cqr,6,0.9,12h,0.3836,14.116,270.988
aci_cqr,6,0.9,12h,0.8036,72.572,73.506
qr_raw,6,0.9,24h,0.3749,18.460,276.020
cqr,6,0.9,24h,0.3749,16.487,286.379
aci_cqr,6,0.9,24h,0.8662,63.366,73.393
qr_raw,6,0.9,48h,0.2084,18.074,317.349
cqr,6,0.9,48h,0.2155,19.318,308.806
aci_cqr,6,0.9,48h,0.8760,74.105,75.843
qr_raw,6,0.95,6h,0.5310,29.879,240.979
cqr,6,0.95,6h,0.4728,22.614,306.094
aci_cqr,6,0.95,6h,0.8368,63.414,65.087
qr_raw,6,0.95,12h,0.5082,28.710,321.833
cqr,6,0.95,12h,0.4587,22.345,381.227
aci_cqr,6,0.95,12h,0.8460,68.512,70.166
qr_raw,6,0.95,24h,0.3770,21.364,515.703
cqr,6,0.95,24h,0.3749,15.766,579.991
aci_cqr,6,0.95,24h,0.9059,64.999,75.560
qr_raw,6,0.95,48h,0.2329,24.008,509.137
cqr,6,0.95,48h,0.2160,19.105,580.702
aci_cqr,6,0.95,48h,0.8830,74.935,79.114
qr_raw,8,0.9,6h,0.2524,19.702,265.092
cqr,8,0.9,6h,0.2497,14.863,296.462
aci_cqr,8,0.9,6h,0.6975,84.398,85.684
qr_raw,8,0.9,12h,0.3079,19.730,268.848
cqr,8,0.9,12h,0.2851,15.043,297.235
aci_cqr,8,0.9,12h,0.7486,77.838,78.940
qr_raw,8,0.9,24h,0.3716,12.911,388.764
cqr,8,0.9,24h,0.3721,13.686,384.668
aci_cqr,8,0.9,24h,0.9070,71.228,75.516
qr_raw,8,0.9,48h,0.1328,12.809,435.784
cqr,8,0.9,48h,0.2149,17.629,400.994
aci_cqr,8,0.9,48h,0.8781,87.514,89.899
qr_raw,8,0.95,6h,0.3052,27.877,361.978
cqr,8,0.95,6h,0.2731,23.037,425.883
aci_cqr,8,0.95,6h,0.6942,77.164,79.280
qr_raw,8,0.95,12h,0.3254,26.126,399.180
cqr,8,0.95,12h,0.3079,23.557,431.722
aci_cqr,8,0.95,12h,0.7486,77.178,79.159
qr_raw,8,0.95,24h,0.4461,21.954,524.814
cqr,8,0.95,24h,0.4227,20.828,536.417
aci_cqr,8,0.95,24h,0.9456,67.055,77.881
qr_raw,8,0.95,48h,0.2155,21.446,638.931
cqr,8,0.95,48h,0.2155,21.696,635.257
aci_cqr,8,0.95,48h,0.9086,82.985,94.262
qr_raw,9,0.9,6h,0.4233,13.086,88.866
cqr,9,0.9,6h,0.3487,6.524,122.654
aci_cqr,9,0.9,6h,0.7884,50.048,50.968
qr_raw,9,0.9,12h,0.8308,17.763,69.331
cqr,9,0.9,12h,0.6039,11.941,79.401
aci_cqr,9,0.9,12h,0.8808,31.037,32.098
qr_raw,9,0.9,24h,0.5381,17.148,151.638
cqr,9,0.9,24h,0.5381,16.576,153.709
aci_cqr,9,0.9,24h,0.8961,48.566,49.100
qr_raw,9,0.9,48h,0.6306,20.348,106.851
cqr,9,0.9,48h,0.6317,20.746,105.779
aci_cqr,9,0.9,48h,0.8972,48.072,53.667
qr_raw,9,0.95,6h,0.8830,25.347,77.195
cqr,9,0.95,6h,0.7035,17.245,100.802
aci_cqr,9,0.95,6h,0.8901,45.834,47.396
qr_raw,9,0.95,12h,0.9037,25.474,96.997
cqr,9,0.95,12h,0.7758,19.655,108.365
aci_cqr,9,0.95,12h,0.9178,33.896,48.396
qr_raw,9,0.95,24h,0.5408,25.785,131.819
cqr,9,0.95,24h,0.5375,21.514,166.966
aci_cqr,9,0.95,24h,0.9162,44.190,45.003
qr_raw,9,0.95,48h,0.6371,24.218,184.786
cqr,9,0.95,48h,0.4869,21.083,209.122
aci_cqr,9,0.95,48h,0.8868,54.728,57.844
qr_raw,10,0.9,6h,0.3711,20.649,187.057
cqr,10,0.9,6h,0.2514,16.114,214.920
aci_cqr,10,0.9,6h,0.6708,82.318,83.748
qr_raw,10,0.9,12h,0.3210,18.655,246.078
cqr,10,0.9,12h,0.2889,13.369,277.452
aci_cqr,10,0.9,12h,0.7231,83.021,84.377
qr_raw,10,0.9,24h,0.4886,19.787,248.227
cqr,10,0.9,24h,0.4701,16.306,262.855
aci_cqr,10,0.9,24h,0.8634,71.653,72.560
qr_raw,10,0.9,48h,0.1632,17.771,269.417
cqr,10,0.9,48h,0.1931,18.836,261.728
aci_cqr,10,0.9,48h,0.8400,64.319,65.936
qr_raw,10,0.95,6h,0.5332,27.588,214.282
cqr,10,0.95,6h,0.3188,20.927,287.150
aci_cqr,10,0.95,6h,0.7073,72.653,74.976
qr_raw,10,0.95,12h,0.3270,28.003,411.047
cqr,10,0.95,12h,0.2916,20.241,510.914
aci_cqr,10,0.95,12h,0.7231,85.064,87.422
qr_raw,10,0.95,24h,0.5370,23.619,407.703
cqr,10,0.95,24h,0.5152,17.042,462.665
aci_cqr,10,0.95,24h,0.8689,66.420,68.089
qr_raw,10,0.95,48h,0.2856,24.676,378.312
cqr,10,0.95,48h,0.2247,21.076,429.295
aci_cqr,10,0.95,48h,0.8558,62.454,64.121
qr_raw,11,0.9,6h,0.2443,12.170,248.608
cqr,11,0.9,6h,0.2416,9.995,262.873
aci_cqr,11,0.9,6h,0.6866,72.568,73.685
qr_raw,11,0.9,12h,0.3303,12.389,230.003
cqr,11,0.9,12h,0.3107,9.985,243.934
aci_cqr,11,0.9,12h,0.7236,67.701,68.775
qr_raw,11,0.9,24h,0.5375,18.757,191.289
cqr,11,0.9,24h,0.5375,18.069,193.783
aci_cqr,11,0.9,24h,0.9004,46.062,54.587
qr_raw,11,0.9,48h,0.2530,20.763,164.299
cqr,11,0.9,48h,0.2519,20.712,164.630
aci_cqr,11,0.9,48h,0.8738,55.032,60.309
qr_raw,11,0.95,6h,0.2497,21.271,369.886
cqr,11,0.95,6h,0.2443,16.042,443.444
aci_cqr,11,0.95,6h,0.6866,75.413,77.583
qr_raw,11,0.95,12h,0.3390,20.195,286.729
cqr,11,0.95,12h,0.2894,13.043,377.805
aci_cqr,11,0.95,12h,0.7236,65.721,67.724
qr_raw,11,0.95,24h,0.5386,21.991,347.183
cqr,11,0.95,24h,0.5386,19.714,365.913
aci_cqr,11,0.95,24h,0.9456,51.390,61.646
qr_raw,11,0.95,48h,0.3047,23.529,270.320
cqr,11,0.95,48h,0.2563,20.550,310.366
aci_cqr,11,0.95,48h,0.8847,56.745,63.904
qr_raw,12,0.9,6h,0.2557,15.731,143.208
cqr,12,0.9,6h,0.2405,10.356,178.390
aci_cqr,12,0.9,6h,0.6605,64.499,65.608
qr_raw,12,0.9,12h,0.3477,17.082,144.281
cqr,12,0.9,12h,0.2758,11.771,175.415
aci_cqr,12,0.9,12h,0.7008,62.332,63.350
qr_raw,12,0.9,24h,0.5267,14.984,204.188
cqr,12,0.9,24h,0.5283,15.208,203.354
aci_cqr,12,0.9,24h,0.8564,60.820,61.665
qr_raw,12,0.9,48h,0.2133,16.602,209.357
cqr,12,0.9,48h,0.2269,18.885,193.886
aci_cqr,12,0.9,48h,0.8520,56.308,57.897
qr_raw,12,0.95,6h,0.3237,18.975,198.288
cqr,12,0.95,6h,0.2443,12.990,278.657
aci_cqr,12,0.95,6h,0.6665,60.238,62.197
qr_raw,12,0.95,12h,0.4021,20.530,226.108
cqr,12,0.95,12h,0.3618,17.091,265.202
aci_cqr,12,0.95,12h,0.6997,61.877,63.839
qr_raw,12,0.95,24h,0.5392,21.977,280.695
cqr,12,0.95,24h,0.5386,20.171,295.549
aci_cqr,12,0.95,24h,0.9450,47.765,57.071
qr_raw,12,0.95,48h,0.2258,19.399,356.784
cqr,12,0.95,48h,0.2247,19.032,362.102
aci_cqr,12,0.95,48h,0.8819,58.108,60.098
qr_raw,13,0.9,6h,0.2524,16.714,282.688
cqr,13,0.9,6h,0.2476,12.455,310.301
aci_cqr,13,0.9,6h,0.6861,83.811,85.060
qr_raw,13,0.9,12h,0.3003,17.930,280.026
cqr,13,0.9,12h,0.2851,13.873,304.753
aci_cqr,13,0.9,12h,0.7247,82.171,83.349
qr_raw,13,0.9,24h,0.3749,16.636,326.976
cqr,13,0.9,24h,0.3781,17.406,322.945
aci_cqr,13,0.9,24h,0.9053,61.210,62.113
qr_raw,13,0.9,48h,0.1725,18.245,431.317
cqr,13,0.9,48h,0.2160,21.202,410.498
aci_cqr,13,0.9,48h,0.9097,87.704,89.642
qr_raw,13,0.95,6h,0.3063,27.498,319.152
cqr,13,0.95,6h,0.2715,21.977,392.287
aci_cqr,13,0.95,6h,0.6839,80.957,83.401
qr_raw,13,0.95,12h,0.3721,24.075,461.858
cqr,13,0.95,12h,0.3466,19.411,516.956
aci_cqr,13,0.95,12h,0.7252,81.642,83.858
qr_raw,13,0.95,24h,0.3825,24.721,573.259
cqr,13,0.95,24h,0.3808,22.835,594.671
aci_cqr,13,0.95,24h,0.9086,77.330,78.967
qr_raw,13,0.95,48h,0.2165,24.727,726.345
cqr,13,0.95,48h,0.2165,24.961,722.910
aci_cqr,13,0.95,48h,0.9412,89.029,91.450
qr_raw,14,0.9,6h,0.2443,16.367,199.252
cqr,14,0.9,6h,0.2361,9.521,244.210
aci_cqr,14,0.9,6h,0.6839,75.060,76.329
qr_raw,14,0.9,12h,0.3634,19.901,190.949
cqr,14,0.9,12h,0.3063,13.269,228.345
aci_cqr,14,0.9,12h,0.6888,71.838,72.998
qr_raw,14,0.9,24h,0.5365,19.008,212.388
cqr,14,0.9,24h,0.5365,16.083,223.020
aci_cqr,14,0.9,24h,0.8983,53.581,60.007
qr_raw,14,0.9,48h,0.2171,19.101,278.573
cqr,14,0.9,48h,0.1458,16.274,298.702
aci_cqr,14,0.9,48h,0.9113,66.421,68.041
qr_raw,14,0.95,6h,0.3308,27.972,262.365
cqr,14,0.95,6h,0.2622,19.358,374.666
aci_cqr,14,0.95,6h,0.6801,75.819,78.105
qr_raw,14,0.95,12h,0.5261,29.348,251.747
cqr,14,0.95,12h,0.4864,21.803,318.640
aci_cqr,14,0.95,12h,0.8515,64.230,66.002
qr_raw,14,0.95,24h,0.5375,23.465,390.764
cqr,14,0.95,24h,0.5326,14.525,464.828
aci_cqr,14,0.95,24h,0.9347,65.414,67.056
qr_raw,14,0.95,48h,0.2193,21.789,502.675
cqr,14,0.95,48h,0.1469,16.221,585.991
aci_cqr,14,0.95,48h,0.9287,68.862,70.701
qr_raw,15,0.9,6h,0.4848,15.955,72.769
cqr,15,0.9,6h,0.3716,9.967,101.786
aci_cqr,15,0.9,6h,0.8058,51.442,52.367
qr_raw,15,0.9,12h,0.5326,20.651,101.941
cqr,15,0.9,12h,0.5245,15.737,120.254
aci_cqr,15,0.9,12h,0.8798,51.096,51.885
qr_raw,15,0.9,24h,0.5386,20.924,132.334
cqr,15,0.9,24h,0.5386,23.095,124.489
aci_cqr,15,0.9,24h,0.8955,42.132,50.608
qr_raw,15,0.9,48h,0.1676,16.432,206.868
cqr,15,0.9,48h,0.2013,17.430,199.746
aci_cqr,15,0.9,48h,0.8624,56.817,58.788
qr_raw,15,0.95,6h,0.6893,20.550,98.253
cqr,15,0.95,6h,0.5054,14.789,141.460
aci_cqr,15,0.95,6h,0.8814,47.619,49.272
qr_raw,15,0.95,12h,0.5702,23.371,151.216
cqr,15,0.95,12h,0.5386,21.806,163.730
aci_cqr,15,0.95,12h,0.8765,50.644,52.168
qr_raw,15,0.95,24h,0.5392,26.006,202.282
cqr,15,0.95,24h,0.5392,26.754,196.136
aci_cqr,15,0.95,24h,0.9445,42.973,52.601
qr_raw,15,0.95,48h,0.5435,24.692,200.851
cqr,15,0.95,48h,0.5196,23.518,210.622
aci_cqr,15,0.95,48h,0.8852,51.820,58.587
