frac,horizon_h,seed,requested_frac,realized_frac,requested_n,realized_n,arm,picp,mpiw
0.0,6,0,0.0,0.0,0,0,linear,0.9639175257731959,0.02200000000000002
0.0,6,0,0.0,0.0,0,0,gap_aware,0.9639175257731959,0.02200000000000002
0.0,12,0,0.0,0.0,0,0,linear,0.946551724137931,0.04199999999999998
0.0,12,0,0.0,0.0,0,0,gap_aware,0.946551724137931,0.04199999999999998
0.0,24,0,0.0,0.0,0,0,linear,0.9241898148148148,0.07800000000000001
0.0,24,0,0.0,0.0,0,0,gap_aware,0.9241898148148148,0.07800000000000001
0.0,48,0,0.0,0.0,0,0,linear,0.9325117370892019,0.13000000000000006
0.0,48,0,0.0,0.0,0,0,gap_aware,0.9325117370892019,0.13000000000000006
0.0,6,1,0.0,0.0,0,0,linear,0.9639175257731959,0.02200000000000002
0.0,6,1,0.0,0.0,0,0,gap_aware,0.9639175257731959,0.02200000000000002
0.0,12,1,0.0,0.0,0,0,linear,0.946551724137931,0.04199999999999998
0.0,12,1,0.0,0.0,0,0,gap_aware,0.946551724137931,0.04199999999999998
0.0,24,1,0.0,0.0,0,0,linear,0.9241898148148148,0.07800000000000001
0.0,24,1,0.0,0.0,0,0,gap_aware,0.9241898148148148,0.07800000000000001
0.0,48,1,0.0,0.0,0,0,linear,0.9325117370892019,0.13000000000000006
0.0,48,1,0.0,0.0,0,0,gap_aware,0.9325117370892019,0.13000000000000006
0.0,6,2,0.0,0.0,0,0,linear,0.9639175257731959,0.02200000000000002
0.0,6,2,0.0,0.0,0,0,gap_aware,0.9639175257731959,0.02200000000000002
0.0,12,2,0.0,0.0,0,0,linear,0.946551724137931,0.04199999999999998
0.0,12,2,0.0,0.0,0,0,gap_aware,0.946551724137931,0.04199999999999998
0.0,24,2,0.0,0.0,0,0,linear,0.9241898148148148,0.07800000000000001
0.0,24,2,0.0,0.0,0,0,gap_aware,0.9241898148148148,0.07800000000000001
0.0,48,2,0.0,0.0,0,0,linear,0.9325117370892019,0.13000000000000006
0.0,48,2,0.0,0.0,0,0,gap_aware,0.9325117370892019,0.13000000000000006
0.0,6,3,0.0,0.0,0,0,linear,0.9639175257731959,0.02200000000000002
0.0,6,3,0.0,0.0,0,0,gap_aware,0.9639175257731959,0.02200000000000002
0.0,12,3,0.0,0.0,0,0,linear,0.946551724137931,0.04199999999999998
0.0,12,3,0.0,0.0,0,0,gap_aware,0.946551724137931,0.04199999999999998
0.0,24,3,0.0,0.0,0,0,linear,0.9241898148148148,0.07800000000000001
0.0,24,3,0.0,0.0,0,0,gap_aware,0.9241898148148148,0.07800000000000001
0.0,48,3,0.0,0.0,0,0,linear,0.9325117370892019,0.13000000000000006
0.0,48,3,0.0,0.0,0,0,gap_aware,0.9325117370892019,0.13000000000000006
0.0,6,4,0.0,0.0,0,0,linear,0.9639175257731959,0.02200000000000002
0.0,6,4,0.0,0.0,0,0,gap_aware,0.9639175257731959,0.02200000000000002
0.0,12,4,0.0,0.0,0,0,linear,0.946551724137931,0.04199999999999998
0.0,12,4,0.0,0.0,0,0,gap_aware,0.946551724137931,0.04199999999999998
0.0,24,4,0.0,0.0,0,0,linear,0.9241898148148148,0.07800000000000001
0.0,24,4,0.0,0.0,0,0,gap_aware,0.9241898148148148,0.07800000000000001
0.0,48,4,0.0,0.0,0,0,linear,0.9325117370892019,0.13000000000000006
0.0,48,4,0.0,0.0,0,0,gap_aware,0.9325117370892019,0.13000000000000006
0.0,6,5,0.0,0.0,0,0,linear,0.9639175257731959,0.02200000000000002
0.0,6,5,0.0,0.0,0,0,gap_aware,0.9639175257731959,0.02200000000000002
0.0,12,5,0.0,0.0,0,0,linear,0.946551724137931,0.04199999999999998
0.0,12,5,0.0,0.0,0,0,gap_aware,0.946551724137931,0.04199999999999998
0.0,24,5,0.0,0.0,0,0,linear,0.9241898148148148,0.07800000000000001
0.0,24,5,0.0,0.0,0,0,gap_aware,0.9241898148148148,0.07800000000000001
0.0,48,5,0.0,0.0,0,0,linear,0.9325117370892019,0.13000000000000006
0.0,48,5,0.0,0.0,0,0,gap_aware,0.9325117370892019,0.13000000000000006
0.0,6,6,0.0,0.0,0,0,linear,0.9639175257731959,0.02200000000000002
0.0,6,6,0.0,0.0,0,0,gap_aware,0.9639175257731959,0.02200000000000002
0.0,12,6,0.0,0.0,0,0,linear,0.946551724137931,0.04199999999999998
0.0,12,6,0.0,0.0,0,0,gap_aware,0.946551724137931,0.04199999999999998
0.0,24,6,0.0,0.0,0,0,linear,0.9241898148148148,0.07800000000000001
0.0,24,6,0.0,0.0,0,0,gap_aware,0.9241898148148148,0.07800000000000001
0.0,48,6,0.0,0.0,0,0,linear,0.9325117370892019,0.13000000000000006
0.0,48,6,0.0,0.0,0,0,gap_aware,0.9325117370892019,0.13000000000000006
0.0,6,7,0.0,0.0,0,0,linear,0.9639175257731959,0.02200000000000002
0.0,6,7,0.0,0.0,0,0,gap_aware,0.9639175257731959,0.02200000000000002
0.0,12,7,0.0,0.0,0,0,linear,0.946551724137931,0.04199999999999998
0.0,12,7,0.0,0.0,0,0,gap_aware,0.946551724137931,0.04199999999999998
0.0,24,7,0.0,0.0,0,0,linear,0.9241898148148148,0.07800000000000001
0.0,24,7,0.0,0.0,0,0,gap_aware,0.9241898148148148,0.07800000000000001
0.0,48,7,0.0,0.0,0,0,linear,0.9325117370892019,0.13000000000000006
0.0,48,7,0.0,0.0,0,0,gap_aware,0.9325117370892019,0.13000000000000006
0.0,6,8,0.0,0.0,0,0,linear,0.9639175257731959,0.02200000000000002
0.0,6,8,0.0,0.0,0,0,gap_aware,0.9639175257731959,0.02200000000000002
0.0,12,8,0.0,0.0,0,0,linear,0.946551724137931,0.04199999999999998
0.0,12,8,0.0,0.0,0,0,gap_aware,0.946551724137931,0.04199999999999998
0.0,24,8,0.0,0.0,0,0,linear,0.9241898148148148,0.07800000000000001
0.0,24,8,0.0,0.0,0,0,gap_aware,0.9241898148148148,0.07800000000000001
0.0,48,8,0.0,0.0,0,0,linear,0.9325117370892019,0.13000000000000006
0.0,48,8,0.0,0.0,0,0,gap_aware,0.9325117370892019,0.13000000000000006
0.0,6,9,0.0,0.0,0,0,linear,0.9639175257731959,0.02200000000000002
0.0,6,9,0.0,0.0,0,0,gap_aware,0.9639175257731959,0.02200000000000002
0.0,12,9,0.0,0.0,0,0,linear,0.946551724137931,0.04199999999999998
0.0,12,9,0.0,0.0,0,0,gap_aware,0.946551724137931,0.04199999999999998
0.0,24,9,0.0,0.0,0,0,linear,0.9241898148148148,0.07800000000000001
0.0,24,9,0.0,0.0,0,0,gap_aware,0.9241898148148148,0.07800000000000001
0.0,48,9,0.0,0.0,0,0,linear,0.9325117370892019,0.13000000000000006
0.0,48,9,0.0,0.0,0,0,gap_aware,0.9325117370892019,0.13000000000000006
0.0,6,10,0.0,0.0,0,0,linear,0.9639175257731959,0.02200000000000002
0.0,6,10,0.0,0.0,0,0,gap_aware,0.9639175257731959,0.02200000000000002
0.0,12,10,0.0,0.0,0,0,linear,0.946551724137931,0.04199999999999998
0.0,12,10,0.0,0.0,0,0,gap_aware,0.946551724137931,0.04199999999999998
0.0,24,10,0.0,0.0,0,0,linear,0.9241898148148148,0.07800000000000001
0.0,24,10,0.0,0.0,0,0,gap_aware,0.9241898148148148,0.07800000000000001
0.0,48,10,0.0,0.0,0,0,linear,0.9325117370892019,0.13000000000000006
0.0,48,10,0.0,0.0,0,0,gap_aware,0.9325117370892019,0.13000000000000006
0.0,6,11,0.0,0.0,0,0,linear,0.9639175257731959,0.02200000000000002
0.0,6,11,0.0,0.0,0,0,gap_aware,0.9639175257731959,0.02200000000000002
0.0,12,11,0.0,0.0,0,0,linear,0.946551724137931,0.04199999999999998
0.0,12,11,0.0,0.0,0,0,gap_aware,0.946551724137931,0.04199999999999998
0.0,24,11,0.0,0.0,0,0,linear,0.9241898148148148,0.07800000000000001
0.0,24,11,0.0,0.0,0,0,gap_aware,0.9241898148148148,0.07800000000000001
0.0,48,11,0.0,0.0,0,0,linear,0.9325117370892019,0.13000000000000006
0.0,48,11,0.0,0.0,0,0,gap_aware,0.9325117370892019,0.13000000000000006
0.0,6,12,0.0,0.0,0,0,linear,0.9639175257731959,0.02200000000000002
0.0,6,12,0.0,0.0,0,0,gap_aware,0.9639175257731959,0.02200000000000002
0.0,12,12,0.0,0.0,0,0,linear,0.946551724137931,0.04199999999999998
0.0,12,12,0.0,0.0,0,0,gap_aware,0.946551724137931,0.04199999999999998
0.0,24,12,0.0,0.0,0,0,linear,0.9241898148148148,0.07800000000000001
0.0,24,12,0.0,0.0,0,0,gap_aware,0.9241898148148148,0.07800000000000001
0.0,48,12,0.0,0.0,0,0,linear,0.9325117370892019,0.13000000000000006
0.0,48,12,0.0,0.0,0,0,gap_aware,0.9325117370892019,0.13000000000000006
0.0,6,13,0.0,0.0,0,0,linear,0.9639175257731959,0.02200000000000002
0.0,6,13,0.0,0.0,0,0,gap_aware,0.9639175257731959,0.02200000000000002
0.0,12,13,0.0,0.0,0,0,linear,0.946551724137931,0.04199999999999998
0.0,12,13,0.0,0.0,0,0,gap_aware,0.946551724137931,0.04199999999999998
0.0,24,13,0.0,0.0,0,0,linear,0.9241898148148148,0.07800000000000001
0.0,24,13,0.0,0.0,0,0,gap_aware,0.9241898148148148,0.07800000000000001
0.0,48,13,0.0,0.0,0,0,linear,0.9325117370892019,0.13000000000000006
0.0,48,13,0.0,0.0,0,0,gap_aware,0.9325117370892019,0.13000000000000006
0.0,6,14,0.0,0.0,0,0,linear,0.9639175257731959,0.02200000000000002
0.0,6,14,0.0,0.0,0,0,gap_aware,0.9639175257731959,0.02200000000000002
0.0,12,14,0.0,0.0,0,0,linear,0.946551724137931,0.04199999999999998
0.0,12,14,0.0,0.0,0,0,gap_aware,0.946551724137931,0.04199999999999998
0.0,24,14,0.0,0.0,0,0,linear,0.9241898148148148,0.07800000000000001
0.0,24,14,0.0,0.0,0,0,gap_aware,0.9241898148148148,0.07800000000000001
0.0,48,14,0.0,0.0,0,0,linear,0.9325117370892019,0.13000000000000006
0.0,48,14,0.0,0.0,0,0,gap_aware,0.9325117370892019,0.13000000000000006
0.0,6,15,0.0,0.0,0,0,linear,0.9639175257731959,0.02200000000000002
0.0,6,15,0.0,0.0,0,0,gap_aware,0.9639175257731959,0.02200000000000002
0.0,12,15,0.0,0.0,0,0,linear,0.946551724137931,0.04199999999999998
0.0,12,15,0.0,0.0,0,0,gap_aware,0.946551724137931,0.04199999999999998
0.0,24,15,0.0,0.0,0,0,linear,0.9241898148148148,0.07800000000000001
0.0,24,15,0.0,0.0,0,0,gap_aware,0.9241898148148148,0.07800000000000001
0.0,48,15,0.0,0.0,0,0,linear,0.9325117370892019,0.13000000000000006
0.0,48,15,0.0,0.0,0,0,gap_aware,0.9325117370892019,0.13000000000000006
0.0,6,16,0.0,0.0,0,0,linear,0.9639175257731959,0.02200000000000002
0.0,6,16,0.0,0.0,0,0,gap_aware,0.9639175257731959,0.02200000000000002
0.0,12,16,0.0,0.0,0,0,linear,0.946551724137931,0.04199999999999998
0.0,12,16,0.0,0.0,0,0,gap_aware,0.946551724137931,0.04199999999999998
0.0,24,16,0.0,0.0,0,0,linear,0.9241898148148148,0.07800000000000001
0.0,24,16,0.0,0.0,0,0,gap_aware,0.9241898148148148,0.07800000000000001
0.0,48,16,0.0,0.0,0,0,linear,0.9325117370892019,0.13000000000000006
0.0,48,16,0.0,0.0,0,0,gap_aware,0.9325117370892019,0.13000000000000006
0.0,6,17,0.0,0.0,0,0,linear,0.9639175257731959,0.02200000000000002
0.0,6,17,0.0,0.0,0,0,gap_aware,0.9639175257731959,0.02200000000000002
0.0,12,17,0.0,0.0,0,0,linear,0.946551724137931,0.04199999999999998
0.0,12,17,0.0,0.0,0,0,gap_aware,0.946551724137931,0.04199999999999998
0.0,24,17,0.0,0.0,0,0,linear,0.9241898148148148,0.07800000000000001
0.0,24,17,0.0,0.0,0,0,gap_aware,0.9241898148148148,0.07800000000000001
0.0,48,17,0.0,0.0,0,0,linear,0.9325117370892019,0.13000000000000006
0.0,48,17,0.0,0.0,0,0,gap_aware,0.9325117370892019,0.13000000000000006
0.0,6,18,0.0,0.0,0,0,linear,0.9639175257731959,0.02200000000000002
0.0,6,18,0.0,0.0,0,0,gap_aware,0.9639175257731959,0.02200000000000002
0.0,12,18,0.0,0.0,0,0,linear,0.946551724137931,0.04199999999999998
0.0,12,18,0.0,0.0,0,0,gap_aware,0.946551724137931,0.04199999999999998
0.0,24,18,0.0,0.0,0,0,linear,0.9241898148148148,0.07800000000000001
0.0,24,18,0.0,0.0,0,0,gap_aware,0.9241898148148148,0.07800000000000001
0.0,48,18,0.0,0.0,0,0,linear,0.9325117370892019,0.13000000000000006
0.0,48,18,0.0,0.0,0,0,gap_aware,0.9325117370892019,0.13000000000000006
0.0,6,19,0.0,0.0,0,0,linear,0.9639175257731959,0.02200000000000002
0.0,6,19,0.0,0.0,0,0,gap_aware,0.9639175257731959,0.02200000000000002
0.0,12,19,0.0,0.0,0,0,linear,0.946551724137931,0.04199999999999998
0.0,12,19,0.0,0.0,0,0,gap_aware,0.946551724137931,0.04199999999999998
0.0,24,19,0.0,0.0,0,0,linear,0.9241898148148148,0.07800000000000001
0.0,24,19,0.0,0.0,0,0,gap_aware,0.9241898148148148,0.07800000000000001
0.0,48,19,0.0,0.0,0,0,linear,0.9325117370892019,0.13000000000000006
0.0,48,19,0.0,0.0,0,0,gap_aware,0.9325117370892019,0.13000000000000006
0.1,6,0,0.1,0.09988584474885845,175,175,linear,0.9610538373424972,0.020000000000000018
0.1,6,0,0.1,0.09988584474885845,175,175,gap_aware,0.9616265750286369,0.021999999999999964
0.1,12,0,0.1,0.09988584474885845,175,175,linear,0.9459770114942528,0.03999999999999998
0.1,12,0,0.1,0.09988584474885845,175,175,gap_aware,0.946551724137931,0.04199999999999998
0.1,24,0,0.1,0.09988584474885845,175,175,linear,0.9178240740740741,0.07498245614035087
0.1,24,0,0.1,0.09988584474885845,175,175,gap_aware,0.9241898148148148,0.07800000000000001
0.1,48,0,0.1,0.09988584474885845,175,175,linear,0.931924882629108,0.13
0.1,48,0,0.1,0.09988584474885845,175,175,gap_aware,0.9266431924882629,0.126
0.1,6,1,0.1,0.09988584474885845,175,175,linear,0.9639175257731959,0.02200000000000002
0.1,6,1,0.1,0.09988584474885845,175,175,gap_aware,0.9690721649484536,0.02799999999999997
0.1,12,1,0.1,0.09988584474885845,175,175,linear,0.946551724137931,0.04199999999999998
0.1,12,1,0.1,0.09988584474885845,175,175,gap_aware,0.9505747126436782,0.04800000000000004
0.1,24,1,0.1,0.09988584474885845,175,175,linear,0.9241898148148148,0.07800000000000001
0.1,24,1,0.1,0.09988584474885845,175,175,gap_aware,0.9276620370370371,0.09000000000000002
0.1,48,1,0.1,0.09988584474885845,175,175,linear,0.9325117370892019,0.13000000000000006
0.1,48,1,0.1,0.09988584474885845,175,175,gap_aware,0.9342723004694836,0.134
0.1,6,2,0.1,0.09988584474885845,175,175,linear,0.9616265750286369,0.021999999999999964
0.1,6,2,0.1,0.09988584474885845,175,175,gap_aware,0.9639175257731959,0.02200000000000002
0.1,12,2,0.1,0.09988584474885845,175,175,linear,0.9425287356321839,0.03799999999999998
0.1,12,2,0.1,0.09988584474885845,175,175,gap_aware,0.9459770114942528,0.03999999999999998
0.1,24,2,0.1,0.09988584474885845,175,175,linear,0.9108796296296297,0.06950943396226417
0.1,24,2,0.1,0.09988584474885845,175,175,gap_aware,0.9178240740740741,0.07400000000000001
0.1,48,2,0.1,0.09988584474885845,175,175,linear,0.92018779342723,0.122
0.1,48,2,0.1,0.09988584474885845,175,175,gap_aware,0.9354460093896714,0.13599999999999998
0.1,6,3,0.1,0.09988584474885845,175,175,linear,0.9610538373424972,0.020000000000000018
0.1,6,3,0.1,0.09988584474885845,175,175,gap_aware,0.9639175257731959,0.02200000000000002
0.1,12,3,0.1,0.09988584474885845,175,175,linear,0.9390804597701149,0.03400000000000003
0.1,12,3,0.1,0.09988584474885845,175,175,gap_aware,0.946551724137931,0.04199999999999998
0.1,24,3,0.1,0.09988584474885845,175,175,linear,0.9079861111111112,0.066
0.1,24,3,0.1,0.09988584474885845,175,175,gap_aware,0.9178240740740741,0.07400000000000001
0.1,48,3,0.1,0.09988584474885845,175,175,linear,0.9102112676056338,0.11599999999999999
0.1,48,3,0.1,0.09988584474885845,175,175,gap_aware,0.9102112676056338,0.11400000000000005
0.1,6,4,0.1,0.09988584474885845,175,175,linear,0.9610538373424972,0.020000000000000018
0.1,6,4,0.1,0.09988584474885845,175,175,gap_aware,0.9616265750286369,0.021999999999999964
0.1,12,4,0.1,0.09988584474885845,175,175,linear,0.9390804597701149,0.033999999999999975
0.1,12,4,0.1,0.09988584474885845,175,175,gap_aware,0.9425287356321839,0.03799999999999998
0.1,24,4,0.1,0.09988584474885845,175,175,linear,0.9137731481481481,0.07200000000000001
0.1,24,4,0.1,0.09988584474885845,175,175,gap_aware,0.9241898148148148,0.07800000000000001
0.1,48,4,0.1,0.09988584474885845,175,175,linear,0.9284037558685446,0.12800000000000006
0.1,48,4,0.1,0.09988584474885845,175,175,gap_aware,0.9342723004694836,0.13399999999999995
0.1,6,5,0.1,0.09988584474885845,175,175,linear,0.9610538373424972,0.020053333333333367
0.1,6,5,0.1,0.09988584474885845,175,175,gap_aware,0.9639175257731959,0.02200000000000002
0.1,12,5,0.1,0.09988584474885845,175,175,linear,0.9425287356321839,0.03799999999999998
0.1,12,5,0.1,0.09988584474885845,175,175,gap_aware,0.9459770114942528,0.03999999999999998
0.1,24,5,0.1,0.09988584474885845,175,175,linear,0.9241898148148148,0.08000000000000002
0.1,24,5,0.1,0.09988584474885845,175,175,gap_aware,0.921875,0.07600000000000001
0.1,48,5,0.1,0.09988584474885845,175,175,linear,0.9266431924882629,0.128
0.1,48,5,0.1,0.09988584474885845,175,175,gap_aware,0.9389671361502347,0.138
0.1,6,6,0.1,0.09988584474885845,175,175,linear,0.9616265750286369,0.021999999999999964
0.1,6,6,0.1,0.09988584474885845,175,175,gap_aware,0.9639175257731959,0.02200000000000002
0.1,12,6,0.1,0.09988584474885845,175,175,linear,0.9459770114942528,0.03999999999999998
0.1,12,6,0.1,0.09988584474885845,175,175,gap_aware,0.9482758620689655,0.04200000000000004
0.1,24,6,0.1,0.09988584474885845,175,175,linear,0.9241898148148148,0.07800000000000001
0.1,24,6,0.1,0.09988584474885845,175,175,gap_aware,0.9270833333333334,0.08799999999999997
0.1,48,6,0.1,0.09988584474885845,175,175,linear,0.9325117370892019,0.13000000000000006
0.1,48,6,0.1,0.09988584474885845,175,175,gap_aware,0.9389671361502347,0.138
0.1,6,7,0.1,0.09988584474885845,175,175,linear,0.9639175257731959,0.02200000000000002
0.1,6,7,0.1,0.09988584474885845,175,175,gap_aware,0.9610538373424972,0.020000000000000018
0.1,12,7,0.1,0.09988584474885845,175,175,linear,0.9459770114942528,0.03999999999999998
0.1,12,7,0.1,0.09988584474885845,175,175,gap_aware,0.9413793103448276,0.03600000000000003
0.1,24,7,0.1,0.09988584474885845,175,175,linear,0.9079861111111112,0.066
0.1,24,7,0.1,0.09988584474885845,175,175,gap_aware,0.9068287037037037,0.062
0.1,48,7,0.1,0.09988584474885845,175,175,linear,0.909037558685446,0.11399999999999999
0.1,48,7,0.1,0.09988584474885845,175,175,gap_aware,0.9061032863849765,0.11000000000000004
0.1,6,8,0.1,0.09988584474885845,175,175,linear,0.9553264604810997,0.019999999999999962
0.1,6,8,0.1,0.09988584474885845,175,175,gap_aware,0.9616265750286369,0.021999999999999964
0.1,12,8,0.1,0.09988584474885845,175,175,linear,0.9390804597701149,0.035999999999999976
0.1,12,8,0.1,0.09988584474885845,175,175,gap_aware,0.946551724137931,0.04199999999999998
0.1,24,8,0.1,0.09988584474885845,175,175,linear,0.921875,0.07600000000000001
0.1,24,8,0.1,0.09988584474885845,175,175,gap_aware,0.9270833333333334,0.08800000000000002
0.1,48,8,0.1,0.09988584474885845,175,175,linear,0.9266431924882629,0.128
0.1,48,8,0.1,0.09988584474885845,175,175,gap_aware,0.9389671361502347,0.138
0.1,6,9,0.1,0.09988584474885845,175,175,linear,0.9639175257731959,0.02200000000000002
0.1,6,9,0.1,0.09988584474885845,175,175,gap_aware,0.9690721649484536,0.02799999999999997
0.1,12,9,0.1,0.09988584474885845,175,175,linear,0.946551724137931,0.04199999999999998
0.1,12,9,0.1,0.09988584474885845,175,175,gap_aware,0.9505747126436782,0.04799999999999999
0.1,24,9,0.1,0.09988584474885845,175,175,linear,0.9241898148148148,0.07800000000000001
0.1,24,9,0.1,0.09988584474885845,175,175,gap_aware,0.9270833333333334,0.08800000000000002
0.1,48,9,0.1,0.09988584474885845,175,175,linear,0.9325117370892019,0.13000000000000006
0.1,48,9,0.1,0.09988584474885845,175,175,gap_aware,0.9389671361502347,0.138
0.1,6,10,0.1,0.09988584474885845,175,175,linear,0.9610538373424972,0.020000000000000018
0.1,6,10,0.1,0.09988584474885845,175,175,gap_aware,0.9639175257731959,0.02200000000000002
0.1,12,10,0.1,0.09988584474885845,175,175,linear,0.9390804597701149,0.03400000000000003
0.1,12,10,0.1,0.09988584474885845,175,175,gap_aware,0.9425287356321839,0.03799999999999998
0.1,24,10,0.1,0.09988584474885845,175,175,linear,0.9108796296296297,0.068
0.1,24,10,0.1,0.09988584474885845,175,175,gap_aware,0.9137731481481481,0.07200000000000001
0.1,48,10,0.1,0.09988584474885845,175,175,linear,0.931924882629108,0.13
0.1,48,10,0.1,0.09988584474885845,175,175,gap_aware,0.9266431924882629,0.128
0.1,6,11,0.1,0.09988584474885845,175,175,linear,0.9639175257731959,0.02200000000000002
0.1,6,11,0.1,0.09988584474885845,175,175,gap_aware,0.9673539518900344,0.02400000000000002
0.1,12,11,0.1,0.09988584474885845,175,175,linear,0.946551724137931,0.04199999999999998
0.1,12,11,0.1,0.09988584474885845,175,175,gap_aware,0.9494252873563218,0.043999999999999984
0.1,24,11,0.1,0.09988584474885845,175,175,linear,0.921875,0.07600000000000001
0.1,24,11,0.1,0.09988584474885845,175,175,gap_aware,0.9259259259259259,0.08200000000000002
0.1,48,11,0.1,0.09988584474885845,175,175,linear,0.9284037558685446,0.12800000000000006
0.1,48,11,0.1,0.09988584474885845,175,175,gap_aware,0.9342723004694836,0.132
0.1,6,12,0.1,0.09988584474885845,175,175,linear,0.9616265750286369,0.021999999999999964
0.1,6,12,0.1,0.09988584474885845,175,175,gap_aware,0.9639175257731959,0.02200000000000002
0.1,12,12,0.1,0.09988584474885845,175,175,linear,0.9459770114942528,0.03999999999999998
0.1,12,12,0.1,0.09988584474885845,175,175,gap_aware,0.9494252873563218,0.043999999999999984
0.1,24,12,0.1,0.09988584474885845,175,175,linear,0.921875,0.07600000000000001
0.1,24,12,0.1,0.09988584474885845,175,175,gap_aware,0.9241898148148148,0.08000000000000002
0.1,48,12,0.1,0.09988584474885845,175,175,linear,0.9248826291079812,0.12400000000000005
0.1,48,12,0.1,0.09988584474885845,175,175,gap_aware,0.937793427230047,0.136
0.1,6,13,0.1,0.09988584474885845,175,175,linear,0.9639175257731959,0.02200000000000002
0.1,6,13,0.1,0.09988584474885845,175,175,gap_aware,0.9684994272623139,0.026000000000000023
0.1,12,13,0.1,0.09988584474885845,175,175,linear,0.946551724137931,0.04199999999999998
0.1,12,13,0.1,0.09988584474885845,175,175,gap_aware,0.95,0.04600000000000004
0.1,24,13,0.1,0.09988584474885845,175,175,linear,0.9241898148148148,0.07800000000000001
0.1,24,13,0.1,0.09988584474885845,175,175,gap_aware,0.9270833333333334,0.08799999999999997
0.1,48,13,0.1,0.09988584474885845,175,175,linear,0.9325117370892019,0.13000000000000006
0.1,48,13,0.1,0.09988584474885845,175,175,gap_aware,0.937793427230047,0.136
0.1,6,14,0.1,0.09988584474885845,175,175,linear,0.9610538373424972,0.020000000000000018
0.1,6,14,0.1,0.09988584474885845,175,175,gap_aware,0.9610538373424972,0.020000000000000018
0.1,12,14,0.1,0.09988584474885845,175,175,linear,0.9413793103448276,0.03600000000000003
0.1,12,14,0.1,0.09988584474885845,175,175,gap_aware,0.9390804597701149,0.035999999999999976
0.1,24,14,0.1,0.09988584474885845,175,175,linear,0.9241898148148148,0.07800000000000001
0.1,24,14,0.1,0.09988584474885845,175,175,gap_aware,0.9241898148148148,0.08000000000000002
0.1,48,14,0.1,0.09988584474885845,175,175,linear,0.9354460093896714,0.13599999999999998
0.1,48,14,0.1,0.09988584474885845,175,175,gap_aware,0.937793427230047,0.136
0.1,6,15,0.1,0.09988584474885845,175,175,linear,0.9673539518900344,0.02400000000000002
0.1,6,15,0.1,0.09988584474885845,175,175,gap_aware,0.9656357388316151,0.023999999999999966
0.1,12,15,0.1,0.09988584474885845,175,175,linear,0.9494252873563218,0.043999999999999984
0.1,12,15,0.1,0.09988584474885845,175,175,gap_aware,0.946551724137931,0.04199999999999998
0.1,24,15,0.1,0.09988584474885845,175,175,linear,0.921875,0.07600000000000001
0.1,24,15,0.1,0.09988584474885845,175,175,gap_aware,0.921875,0.07600000000000001
0.1,48,15,0.1,0.09988584474885845,175,175,linear,0.92018779342723,0.122
0.1,48,15,0.1,0.09988584474885845,175,175,gap_aware,0.9342723004694836,0.132
0.1,6,16,0.1,0.09988584474885845,175,175,linear,0.9467353951890034,0.016000000000000014
0.1,6,16,0.1,0.09988584474885845,175,175,gap_aware,0.9541809851088202,0.018000000000000016
0.1,12,16,0.1,0.09988584474885845,175,175,linear,0.9339080459770115,0.030000000000000027
0.1,12,16,0.1,0.09988584474885845,175,175,gap_aware,0.9373563218390805,0.03199999999999997
0.1,24,16,0.1,0.09988584474885845,175,175,linear,0.9068287037037037,0.062
0.1,24,16,0.1,0.09988584474885845,175,175,gap_aware,0.9137731481481481,0.07200000000000001
0.1,48,16,0.1,0.09988584474885845,175,175,linear,0.931924882629108,0.13
0.1,48,16,0.1,0.09988584474885845,175,175,gap_aware,0.9342723004694836,0.132
0.1,6,17,0.1,0.09988584474885845,175,175,linear,0.9541809851088202,0.018000000000000016
0.1,6,17,0.1,0.09988584474885845,175,175,gap_aware,0.9610538373424972,0.020000000000000018
0.1,12,17,0.1,0.09988584474885845,175,175,linear,0.9385057471264368,0.03200000000000003
0.1,12,17,0.1,0.09988584474885845,175,175,gap_aware,0.9390804597701149,0.03400000000000003
0.1,24,17,0.1,0.09988584474885845,175,175,linear,0.9079861111111112,0.064
0.1,24,17,0.1,0.09988584474885845,175,175,gap_aware,0.9137731481481481,0.07200000000000001
0.1,48,17,0.1,0.09988584474885845,175,175,linear,0.9078638497652582,0.1136923076923077
0.1,48,17,0.1,0.09988584474885845,175,175,gap_aware,0.9102112676056338,0.11599999999999999
0.1,6,18,0.1,0.09988584474885845,175,175,linear,0.9553264604810997,0.019999999999999962
0.1,6,18,0.1,0.09988584474885845,175,175,gap_aware,0.9616265750286369,0.021999999999999964
0.1,12,18,0.1,0.09988584474885845,175,175,linear,0.9385057471264368,0.03200000000000003
0.1,12,18,0.1,0.09988584474885845,175,175,gap_aware,0.9390804597701149,0.03400000000000003
0.1,24,18,0.1,0.09988584474885845,175,175,linear,0.9016203703703703,0.058064516129032295
0.1,24,18,0.1,0.09988584474885845,175,175,gap_aware,0.9016203703703703,0.057999999999999996
0.1,48,18,0.1,0.09988584474885845,175,175,linear,0.8732394366197183,0.10199999999999998
0.1,48,18,0.1,0.09988584474885845,175,175,gap_aware,0.892018779342723,0.10600000000000004
0.1,6,19,0.1,0.09988584474885845,175,175,linear,0.9541809851088202,0.018000000000000016
0.1,6,19,0.1,0.09988584474885845,175,175,gap_aware,0.9610538373424972,0.020000000000000018
0.1,12,19,0.1,0.09988584474885845,175,175,linear,0.9390804597701149,0.033999999999999975
0.1,12,19,0.1,0.09988584474885845,175,175,gap_aware,0.9425287356321839,0.03799999999999998
0.1,24,19,0.1,0.09988584474885845,175,175,linear,0.9137731481481481,0.07200000000000001
0.1,24,19,0.1,0.09988584474885845,175,175,gap_aware,0.9259259259259259,0.08200000000000002
0.1,48,19,0.1,0.09988584474885845,175,175,linear,0.9266431924882629,0.126
0.1,48,19,0.1,0.09988584474885845,175,175,gap_aware,0.9389671361502347,0.138
0.2,6,0,0.2,0.1997716894977169,350,350,linear,0.9616265750286369,0.021999999999999964
0.2,6,0,0.2,0.1997716894977169,350,350,gap_aware,0.9639175257731959,0.02200000000000002
0.2,12,0,0.2,0.1997716894977169,350,350,linear,0.9482758620689655,0.04200000000000004
0.2,12,0,0.2,0.1997716894977169,350,350,gap_aware,0.946551724137931,0.04199999999999998
0.2,24,0,0.2,0.1997716894977169,350,350,linear,0.9241898148148148,0.07800000000000001
0.2,24,0,0.2,0.1997716894977169,350,350,gap_aware,0.9178240740740741,0.07400000000000001
0.2,48,0,0.2,0.1997716894977169,350,350,linear,0.9342723004694836,0.132
0.2,48,0,0.2,0.1997716894977169,350,350,gap_aware,0.9266431924882629,0.126
0.2,6,1,0.2,0.1997716894977169,350,350,linear,0.9541809851088202,0.018000000000000016
0.2,6,1,0.2,0.1997716894977169,350,350,gap_aware,0.9639175257731959,0.02200000000000002
0.2,12,1,0.2,0.1997716894977169,350,350,linear,0.9339080459770115,0.030000000000000027
0.2,12,1,0.2,0.1997716894977169,350,350,gap_aware,0.946551724137931,0.04199999999999998
0.2,24,1,0.2,0.1997716894977169,350,350,linear,0.9079861111111112,0.066
0.2,24,1,0.2,0.1997716894977169,350,350,gap_aware,0.9288194444444444,0.09200000000000003
0.2,48,1,0.2,0.1997716894977169,350,350,linear,0.9248826291079812,0.1242105263157895
0.2,48,1,0.2,0.1997716894977169,350,350,gap_aware,0.9354460093896714,0.13599999999999995
0.2,6,2,0.2,0.1997716894977169,350,350,linear,0.9467353951890034,0.01654117647058817
0.2,6,2,0.2,0.1997716894977169,350,350,gap_aware,0.9610538373424972,0.020000000000000018
0.2,12,2,0.2,0.1997716894977169,350,350,linear,0.9339080459770115,0.030000000000000027
0.2,12,2,0.2,0.1997716894977169,350,350,gap_aware,0.9390804597701149,0.033999999999999975
0.2,24,2,0.2,0.1997716894977169,350,350,linear,0.8993055555555556,0.05400000000000005
0.2,24,2,0.2,0.1997716894977169,350,350,gap_aware,0.9178240740740741,0.07400000000000001
0.2,48,2,0.2,0.1997716894977169,350,350,linear,0.9125586854460094,0.118
0.2,48,2,0.2,0.1997716894977169,350,350,gap_aware,0.9401408450704225,0.14
0.2,6,3,0.2,0.1997716894977169,350,350,linear,0.9541809851088202,0.018000000000000016
0.2,6,3,0.2,0.1997716894977169,350,350,gap_aware,0.9616265750286369,0.021999999999999964
0.2,12,3,0.2,0.1997716894977169,350,350,linear,0.9385057471264368,0.03200000000000003
0.2,12,3,0.2,0.1997716894977169,350,350,gap_aware,0.946551724137931,0.04199999999999998
0.2,24,3,0.2,0.1997716894977169,350,350,linear,0.9016203703703703,0.057999999999999996
0.2,24,3,0.2,0.1997716894977169,350,350,gap_aware,0.921875,0.07600000000000001
0.2,48,3,0.2,0.1997716894977169,350,350,linear,0.903755868544601,0.10999999999999999
0.2,48,3,0.2,0.1997716894977169,350,350,gap_aware,0.9113849765258216,0.11600000000000005
0.2,6,4,0.2,0.1997716894977169,350,350,linear,0.9553264604810997,0.019999999999999962
0.2,6,4,0.2,0.1997716894977169,350,350,gap_aware,0.9656357388316151,0.023999999999999966
0.2,12,4,0.2,0.1997716894977169,350,350,linear,0.9390804597701149,0.033999999999999975
0.2,12,4,0.2,0.1997716894977169,350,350,gap_aware,0.9494252873563218,0.043999999999999984
0.2,24,4,0.2,0.1997716894977169,350,350,linear,0.9137731481481481,0.07200000000000001
0.2,24,4,0.2,0.1997716894977169,350,350,gap_aware,0.9270833333333334,0.08800000000000002
0.2,48,4,0.2,0.1997716894977169,350,350,linear,0.9266431924882629,0.12600000000000006
0.2,48,4,0.2,0.1997716894977169,350,350,gap_aware,0.92018779342723,0.122
0.2,6,5,0.2,0.1997716894977169,350,350,linear,0.9610538373424972,0.020053333333333367
0.2,6,5,0.2,0.1997716894977169,350,350,gap_aware,0.9690721649484536,0.02799999999999997
0.2,12,5,0.2,0.1997716894977169,350,350,linear,0.9425287356321839,0.03799999999999998
0.2,12,5,0.2,0.1997716894977169,350,350,gap_aware,0.9494252873563218,0.04400000000000004
0.2,24,5,0.2,0.1997716894977169,350,350,linear,0.9241898148148148,0.08000000000000002
0.2,24,5,0.2,0.1997716894977169,350,350,gap_aware,0.9276620370370371,0.09000000000000002
0.2,48,5,0.2,0.1997716894977169,350,350,linear,0.9266431924882629,0.128
0.2,48,5,0.2,0.1997716894977169,350,350,gap_aware,0.9477699530516432,0.148
0.2,6,6,0.2,0.1997716894977169,350,350,linear,0.9467353951890034,0.016000000000000014
0.2,6,6,0.2,0.1997716894977169,350,350,gap_aware,0.9541809851088202,0.018000000000000016
0.2,12,6,0.2,0.1997716894977169,350,350,linear,0.9385057471264368,0.03200000000000003
0.2,12,6,0.2,0.1997716894977169,350,350,gap_aware,0.9339080459770115,0.030000000000000027
0.2,24,6,0.2,0.1997716894977169,350,350,linear,0.9004629629629629,0.055999999999999994
0.2,24,6,0.2,0.1997716894977169,350,350,gap_aware,0.8987268518518519,0.052000000000000046
0.2,48,6,0.2,0.1997716894977169,350,350,linear,0.9113849765258216,0.11600000000000005
0.2,48,6,0.2,0.1997716894977169,350,350,gap_aware,0.9172535211267606,0.12000000000000005
0.2,6,7,0.2,0.1997716894977169,350,350,linear,0.9616265750286369,0.021999999999999964
0.2,6,7,0.2,0.1997716894977169,350,350,gap_aware,0.9639175257731959,0.02200000000000002
0.2,12,7,0.2,0.1997716894977169,350,350,linear,0.9390804597701149,0.035999999999999976
0.2,12,7,0.2,0.1997716894977169,350,350,gap_aware,0.9459770114942528,0.03999999999999998
0.2,24,7,0.2,0.1997716894977169,350,350,linear,0.9016203703703703,0.057999999999999996
0.2,24,7,0.2,0.1997716894977169,350,350,gap_aware,0.9068287037037037,0.062
0.2,48,7,0.2,0.1997716894977169,350,350,linear,0.9078638497652582,0.11242105263157903
0.2,48,7,0.2,0.1997716894977169,350,350,gap_aware,0.9248826291079812,0.12400000000000005
0.2,6,8,0.2,0.1997716894977169,350,350,linear,0.9553264604810997,0.019999999999999962
0.2,6,8,0.2,0.1997716894977169,350,350,gap_aware,0.9656357388316151,0.023999999999999966
0.2,12,8,0.2,0.1997716894977169,350,350,linear,0.9390804597701149,0.035999999999999976
0.2,12,8,0.2,0.1997716894977169,350,350,gap_aware,0.95,0.045999999999999985
0.2,24,8,0.2,0.1997716894977169,350,350,linear,0.921875,0.07600000000000001
0.2,24,8,0.2,0.1997716894977169,350,350,gap_aware,0.9288194444444444,0.09200000000000003
0.2,48,8,0.2,0.1997716894977169,350,350,linear,0.9266431924882629,0.128
0.2,48,8,0.2,0.1997716894977169,350,350,gap_aware,0.9454225352112676,0.14600000000000002
0.2,6,9,0.2,0.1997716894977169,350,350,linear,0.9616265750286369,0.021999999999999964
0.2,6,9,0.2,0.1997716894977169,350,350,gap_aware,0.9707903780068728,0.02999999999999997
0.2,12,9,0.2,0.1997716894977169,350,350,linear,0.9448275862068966,0.038000000000000034
0.2,12,9,0.2,0.1997716894977169,350,350,gap_aware,0.9517241379310345,0.05199999999999999
0.2,24,9,0.2,0.1997716894977169,350,350,linear,0.9126157407407407,0.07
0.2,24,9,0.2,0.1997716894977169,350,350,gap_aware,0.9276620370370371,0.09000000000000002
0.2,48,9,0.2,0.1997716894977169,350,350,linear,0.9284037558685446,0.12800000000000006
0.2,48,9,0.2,0.1997716894977169,350,350,gap_aware,0.9354460093896714,0.13599999999999998
0.2,6,10,0.2,0.1997716894977169,350,350,linear,0.9392898052691867,0.01599999999999996
0.2,6,10,0.2,0.1997716894977169,350,350,gap_aware,0.9473081328751431,0.01799999999999996
0.2,12,10,0.2,0.1997716894977169,350,350,linear,0.9229885057471264,0.02400000000000002
0.2,12,10,0.2,0.1997716894977169,350,350,gap_aware,0.9270114942528735,0.026000000000000023
0.2,24,10,0.2,0.1997716894977169,350,350,linear,0.8929398148148148,0.045999999999999985
0.2,24,10,0.2,0.1997716894977169,350,350,gap_aware,0.8929398148148148,0.045999999999999985
0.2,48,10,0.2,0.1997716894977169,350,350,linear,0.8538732394366197,0.08706976744186046
0.2,48,10,0.2,0.1997716894977169,350,350,gap_aware,0.9154929577464789,0.12
0.2,6,11,0.2,0.1997716894977169,350,350,linear,0.9541809851088202,0.01834042553191484
0.2,6,11,0.2,0.1997716894977169,350,350,gap_aware,0.9616265750286369,0.021999999999999964
0.2,12,11,0.2,0.1997716894977169,350,350,linear,0.9373563218390805,0.03199999999999997
0.2,12,11,0.2,0.1997716894977169,350,350,gap_aware,0.9425287356321839,0.03799999999999998
0.2,24,11,0.2,0.1997716894977169,350,350,linear,0.9050925925925926,0.06
0.2,24,11,0.2,0.1997716894977169,350,350,gap_aware,0.9241898148148148,0.07800000000000001
0.2,48,11,0.2,0.1997716894977169,350,350,linear,0.9137323943661971,0.11885714285714288
0.2,48,11,0.2,0.1997716894977169,350,350,gap_aware,0.92018779342723,0.122
0.2,6,12,0.2,0.1997716894977169,350,350,linear,0.9467353951890034,0.016000000000000014
0.2,6,12,0.2,0.1997716894977169,350,350,gap_aware,0.9610538373424972,0.020000000000000018
0.2,12,12,0.2,0.1997716894977169,350,350,linear,0.9270114942528735,0.02799999999999997
0.2,12,12,0.2,0.1997716894977169,350,350,gap_aware,0.9385057471264368,0.03200000000000003
0.2,24,12,0.2,0.1997716894977169,350,350,linear,0.9068287037037037,0.062
0.2,24,12,0.2,0.1997716894977169,350,350,gap_aware,0.9241898148148148,0.07800000000000001
0.2,48,12,0.2,0.1997716894977169,350,350,linear,0.9113849765258216,0.11600000000000005
0.2,48,12,0.2,0.1997716894977169,350,350,gap_aware,0.9389671361502347,0.138
0.2,6,13,0.2,0.1997716894977169,350,350,linear,0.9610538373424972,0.020000000000000018
0.2,6,13,0.2,0.1997716894977169,350,350,gap_aware,0.9673539518900344,0.02400000000000002
0.2,12,13,0.2,0.1997716894977169,350,350,linear,0.9390804597701149,0.033999999999999975
0.2,12,13,0.2,0.1997716894977169,350,350,gap_aware,0.9482758620689655,0.04200000000000004
0.2,24,13,0.2,0.1997716894977169,350,350,linear,0.9004629629629629,0.055999999999999994
0.2,24,13,0.2,0.1997716894977169,350,350,gap_aware,0.9137731481481481,0.07200000000000001
0.2,48,13,0.2,0.1997716894977169,350,350,linear,0.9102112676056338,0.11599999999999999
0.2,48,13,0.2,0.1997716894977169,350,350,gap_aware,0.9154929577464789,0.12
0.2,6,14,0.2,0.1997716894977169,350,350,linear,0.9541809851088202,0.018000000000000016
0.2,6,14,0.2,0.1997716894977169,350,350,gap_aware,0.9616265750286369,0.021999999999999964
0.2,12,14,0.2,0.1997716894977169,350,350,linear,0.9413793103448276,0.03600000000000003
0.2,12,14,0.2,0.1997716894977169,350,350,gap_aware,0.946551724137931,0.04199999999999998
0.2,24,14,0.2,0.1997716894977169,350,350,linear,0.9241898148148148,0.07800000000000001
0.2,24,14,0.2,0.1997716894977169,350,350,gap_aware,0.9265046296296297,0.08600000000000002
0.2,48,14,0.2,0.1997716894977169,350,350,linear,0.9354460093896714,0.13599999999999995
0.2,48,14,0.2,0.1997716894977169,350,350,gap_aware,0.9342723004694836,0.134
0.2,6,15,0.2,0.1997716894977169,350,350,linear,0.9656357388316151,0.023999999999999966
0.2,6,15,0.2,0.1997716894977169,350,350,gap_aware,0.9673539518900344,0.025999999999999968
0.2,12,15,0.2,0.1997716894977169,350,350,linear,0.946551724137931,0.04199999999999998
0.2,12,15,0.2,0.1997716894977169,350,350,gap_aware,0.946551724137931,0.04199999999999998
0.2,24,15,0.2,0.1997716894977169,350,350,linear,0.9126157407407407,0.07
0.2,24,15,0.2,0.1997716894977169,350,350,gap_aware,0.9137731481481481,0.07200000000000006
0.2,48,15,0.2,0.1997716894977169,350,350,linear,0.92018779342723,0.122
0.2,48,15,0.2,0.1997716894977169,350,350,gap_aware,0.9354460093896714,0.13599999999999998
0.2,6,16,0.2,0.1997716894977169,350,350,linear,0.9467353951890034,0.016000000000000014
0.2,6,16,0.2,0.1997716894977169,350,350,gap_aware,0.9541809851088202,0.018000000000000016
0.2,12,16,0.2,0.1997716894977169,350,350,linear,0.9270114942528735,0.026000000000000023
0.2,12,16,0.2,0.1997716894977169,350,350,gap_aware,0.9385057471264368,0.03200000000000003
0.2,24,16,0.2,0.1997716894977169,350,350,linear,0.9004629629629629,0.055999999999999994
0.2,24,16,0.2,0.1997716894977169,350,350,gap_aware,0.9241898148148148,0.07800000000000001
0.2,48,16,0.2,0.1997716894977169,350,350,linear,0.9266431924882629,0.12799999999999995
0.2,48,16,0.2,0.1997716894977169,350,350,gap_aware,0.943075117370892,0.14400000000000002
0.2,6,17,0.2,0.1997716894977169,350,350,linear,0.9473081328751431,0.01799999999999996
0.2,6,17,0.2,0.1997716894977169,350,350,gap_aware,0.9616265750286369,0.021999999999999964
0.2,12,17,0.2,0.1997716894977169,350,350,linear,0.9339080459770115,0.03154285714285715
0.2,12,17,0.2,0.1997716894977169,350,350,gap_aware,0.9390804597701149,0.03400000000000003
0.2,24,17,0.2,0.1997716894977169,350,350,linear,0.9079861111111112,0.064
0.2,24,17,0.2,0.1997716894977169,350,350,gap_aware,0.9178240740740741,0.07400000000000001
0.2,48,17,0.2,0.1997716894977169,350,350,linear,0.9008215962441315,0.1084615384615385
0.2,48,17,0.2,0.1997716894977169,350,350,gap_aware,0.9248826291079812,0.12400000000000005
0.2,6,18,0.2,0.1997716894977169,350,350,linear,0.9473081328751431,0.01799999999999996
0.2,6,18,0.2,0.1997716894977169,350,350,gap_aware,0.9616265750286369,0.021999999999999964
0.2,12,18,0.2,0.1997716894977169,350,350,linear,0.9310344827586207,0.02999999999999997
0.2,12,18,0.2,0.1997716894977169,350,350,gap_aware,0.9425287356321839,0.03799999999999998
0.2,24,18,0.2,0.1997716894977169,350,350,linear,0.9016203703703703,0.057999999999999996
0.2,24,18,0.2,0.1997716894977169,350,350,gap_aware,0.9016203703703703,0.057999999999999996
0.2,48,18,0.2,0.1997716894977169,350,350,linear,0.8703051643192489,0.10087096774193549
0.2,48,18,0.2,0.1997716894977169,350,350,gap_aware,0.8890845070422535,0.10599999999999998
0.2,6,19,0.2,0.1997716894977169,350,350,linear,0.9467353951890034,0.016000000000000014
0.2,6,19,0.2,0.1997716894977169,350,350,gap_aware,0.9610538373424972,0.020000000000000018
0.2,12,19,0.2,0.1997716894977169,350,350,linear,0.9339080459770115,0.030000000000000027
0.2,12,19,0.2,0.1997716894977169,350,350,gap_aware,0.9413793103448276,0.03600000000000003
0.2,24,19,0.2,0.1997716894977169,350,350,linear,0.9079861111111112,0.064
0.2,24,19,0.2,0.1997716894977169,350,350,gap_aware,0.9276620370370371,0.09000000000000002
0.2,48,19,0.2,0.1997716894977169,350,350,linear,0.9242957746478874,0.124
0.2,48,19,0.2,0.1997716894977169,350,350,gap_aware,0.9389671361502347,0.138
0.3,6,0,0.3,0.2996575342465753,525,525,linear,0.9616265750286369,0.021999999999999964
0.3,6,0,0.3,0.2996575342465753,525,525,gap_aware,0.9707903780068728,0.028000000000000025
0.3,12,0,0.3,0.2996575342465753,525,525,linear,0.9482758620689655,0.04200000000000004
0.3,12,0,0.3,0.2996575342465753,525,525,gap_aware,0.9517241379310345,0.05199999999999999
0.3,24,0,0.3,0.2996575342465753,525,525,linear,0.921875,0.07756521739130434
0.3,24,0,0.3,0.2996575342465753,525,525,gap_aware,0.9288194444444444,0.09200000000000003
0.3,48,0,0.3,0.2996575342465753,525,525,linear,0.9342723004694836,0.132
0.3,48,0,0.3,0.2996575342465753,525,525,gap_aware,0.9354460093896714,0.13599999999999995
0.3,6,1,0.3,0.2996575342465753,525,525,linear,0.9541809851088202,0.019799999999999984
0.3,6,1,0.3,0.2996575342465753,525,525,gap_aware,0.9610538373424972,0.020000000000000018
0.3,12,1,0.3,0.2996575342465753,525,525,linear,0.9339080459770115,0.03142857142857147
0.3,12,1,0.3,0.2996575342465753,525,525,gap_aware,0.9390804597701149,0.03400000000000003
0.3,24,1,0.3,0.2996575342465753,525,525,linear,0.9079861111111112,0.06492307692307692
0.3,24,1,0.3,0.2996575342465753,525,525,gap_aware,0.9241898148148148,0.08000000000000002
0.3,48,1,0.3,0.2996575342465753,525,525,linear,0.9172535211267606,0.12000000000000005
0.3,48,1,0.3,0.2996575342465753,525,525,gap_aware,0.943075117370892,0.14400000000000002
0.3,6,2,0.3,0.2996575342465753,525,525,linear,0.9467353951890034,0.016000000000000014
0.3,6,2,0.3,0.2996575342465753,525,525,gap_aware,0.9616265750286369,0.021999999999999964
0.3,12,2,0.3,0.2996575342465753,525,525,linear,0.9270114942528735,0.02799999999999997
0.3,12,2,0.3,0.2996575342465753,525,525,gap_aware,0.9413793103448276,0.03600000000000003
0.3,24,2,0.3,0.2996575342465753,525,525,linear,0.8935185185185185,0.04799999999999999
0.3,24,2,0.3,0.2996575342465753,525,525,gap_aware,0.921875,0.07600000000000001
0.3,48,2,0.3,0.2996575342465753,525,525,linear,0.9125586854460094,0.118
0.3,48,2,0.3,0.2996575342465753,525,525,gap_aware,0.9454225352112676,0.14600000000000002
0.3,6,3,0.3,0.2996575342465753,525,525,linear,0.9392898052691867,0.01599999999999996
0.3,6,3,0.3,0.2996575342465753,525,525,gap_aware,0.9541809851088202,0.018000000000000016
0.3,12,3,0.3,0.2996575342465753,525,525,linear,0.9304597701149425,0.02823529411764708
0.3,12,3,0.3,0.2996575342465753,525,525,gap_aware,0.9385057471264368,0.03200000000000003
0.3,24,3,0.3,0.2996575342465753,525,525,linear,0.9004629629629629,0.056470588235294106
0.3,24,3,0.3,0.2996575342465753,525,525,gap_aware,0.9178240740740741,0.07400000000000001
0.3,48,3,0.3,0.2996575342465753,525,525,linear,0.8755868544600939,0.1038126126126126
0.3,48,3,0.3,0.2996575342465753,525,525,gap_aware,0.8732394366197183,0.10199999999999998
0.3,6,4,0.3,0.2996575342465753,525,525,linear,0.9553264604810997,0.019999999999999962
0.3,6,4,0.3,0.2996575342465753,525,525,gap_aware,0.9707903780068728,0.02999999999999997
0.3,12,4,0.3,0.2996575342465753,525,525,linear,0.9390804597701149,0.033999999999999975
0.3,12,4,0.3,0.2996575342465753,525,525,gap_aware,0.9528735632183908,0.05399999999999999
0.3,24,4,0.3,0.2996575342465753,525,525,linear,0.9137731481481481,0.07200000000000001
0.3,24,4,0.3,0.2996575342465753,525,525,gap_aware,0.9322916666666666,0.10200000000000004
0.3,48,4,0.3,0.2996575342465753,525,525,linear,0.9266431924882629,0.126
0.3,48,4,0.3,0.2996575342465753,525,525,gap_aware,0.9342723004694836,0.132
0.3,6,5,0.3,0.2996575342465753,525,525,linear,0.9467353951890034,0.016000000000000014
0.3,6,5,0.3,0.2996575342465753,525,525,gap_aware,0.9616265750286369,0.021999999999999964
0.3,12,5,0.3,0.2996575342465753,525,525,linear,0.9339080459770115,0.030000000000000027
0.3,12,5,0.3,0.2996575342465753,525,525,gap_aware,0.9459770114942528,0.03999999999999998
0.3,24,5,0.3,0.2996575342465753,525,525,linear,0.9079861111111112,0.064
0.3,24,5,0.3,0.2996575342465753,525,525,gap_aware,0.9259259259259259,0.08200000000000002
0.3,48,5,0.3,0.2996575342465753,525,525,linear,0.909037558685446,0.11399999999999999
0.3,48,5,0.3,0.2996575342465753,525,525,gap_aware,0.9424882629107981,0.14200000000000002
0.3,6,6,0.3,0.2996575342465753,525,525,linear,0.9381443298969072,0.014000000000000012
0.3,6,6,0.3,0.2996575342465753,525,525,gap_aware,0.9473081328751431,0.01799999999999996
0.3,12,6,0.3,0.2996575342465753,525,525,linear,0.9229885057471264,0.025263157894736876
0.3,12,6,0.3,0.2996575342465753,525,525,gap_aware,0.9339080459770115,0.030000000000000027
0.3,24,6,0.3,0.2996575342465753,525,525,linear,0.8975694444444444,0.0505263157894737
0.3,24,6,0.3,0.2996575342465753,525,525,gap_aware,0.9050925925925926,0.06
0.3,48,6,0.3,0.2996575342465753,525,525,linear,0.8843896713615024,0.10568421052631582
0.3,48,6,0.3,0.2996575342465753,525,525,gap_aware,0.9325117370892019,0.13000000000000006
0.3,6,7,0.3,0.2996575342465753,525,525,linear,0.9610538373424972,0.020000000000000018
0.3,6,7,0.3,0.2996575342465753,525,525,gap_aware,0.9639175257731959,0.02200000000000002
0.3,12,7,0.3,0.2996575342465753,525,525,linear,0.9385057471264368,0.03200000000000003
0.3,12,7,0.3,0.2996575342465753,525,525,gap_aware,0.9425287356321839,0.03799999999999998
0.3,24,7,0.3,0.2996575342465753,525,525,linear,0.8975694444444444,0.05024299065420562
0.3,24,7,0.3,0.2996575342465753,525,525,gap_aware,0.8975694444444444,0.04999999999999999
0.3,48,7,0.3,0.2996575342465753,525,525,linear,0.8703051643192489,0.10048598130841124
0.3,48,7,0.3,0.2996575342465753,525,525,gap_aware,0.9078638497652582,0.11200000000000004
0.3,6,8,0.3,0.2996575342465753,525,525,linear,0.9553264604810997,0.019999999999999962
0.3,6,8,0.3,0.2996575342465753,525,525,gap_aware,0.9707903780068728,0.028000000000000025
0.3,12,8,0.3,0.2996575342465753,525,525,linear,0.9390804597701149,0.035999999999999976
0.3,12,8,0.3,0.2996575342465753,525,525,gap_aware,0.9534482758620689,0.055999999999999994
0.3,24,8,0.3,0.2996575342465753,525,525,linear,0.921875,0.07600000000000001
0.3,24,8,0.3,0.2996575342465753,525,525,gap_aware,0.9403935185185185,0.11399999999999999
0.3,48,8,0.3,0.2996575342465753,525,525,linear,0.9266431924882629,0.128
0.3,48,8,0.3,0.2996575342465753,525,525,gap_aware,0.9618544600938967,0.158
0.3,6,9,0.3,0.2996575342465753,525,525,linear,0.9541809851088202,0.018000000000000016
0.3,6,9,0.3,0.2996575342465753,525,525,gap_aware,0.9673539518900344,0.025999999999999968
0.3,12,9,0.3,0.2996575342465753,525,525,linear,0.9385057471264368,0.03200000000000003
0.3,12,9,0.3,0.2996575342465753,525,525,gap_aware,0.9505747126436782,0.04799999999999999
0.3,24,9,0.3,0.2996575342465753,525,525,linear,0.9016203703703703,0.057999999999999996
0.3,24,9,0.3,0.2996575342465753,525,525,gap_aware,0.9178240740740741,0.07400000000000001
0.3,48,9,0.3,0.2996575342465753,525,525,linear,0.9154929577464789,0.12
0.3,48,9,0.3,0.2996575342465753,525,525,gap_aware,0.9342723004694836,0.132
0.3,6,10,0.3,0.2996575342465753,525,525,linear,0.9381443298969072,0.014000000000000012
0.3,6,10,0.3,0.2996575342465753,525,525,gap_aware,0.9541809851088202,0.018000000000000016
0.3,12,10,0.3,0.2996575342465753,525,525,linear,0.9229885057471264,0.02400000000000002
0.3,12,10,0.3,0.2996575342465753,525,525,gap_aware,0.9270114942528735,0.02799999999999997
0.3,24,10,0.3,0.2996575342465753,525,525,linear,0.8929398148148148,0.045999999999999985
0.3,24,10,0.3,0.2996575342465753,525,525,gap_aware,0.8975694444444444,0.04999999999999999
0.3,48,10,0.3,0.2996575342465753,525,525,linear,0.8538732394366197,0.08706976744186046
0.3,48,10,0.3,0.2996575342465753,525,525,gap_aware,0.9342723004694836,0.134
0.3,6,11,0.3,0.2996575342465753,525,525,linear,0.9541809851088202,0.01905882352941174
0.3,6,11,0.3,0.2996575342465753,525,525,gap_aware,0.9616265750286369,0.021999999999999964
0.3,12,11,0.3,0.2996575342465753,525,525,linear,0.9385057471264368,0.03200000000000003
0.3,12,11,0.3,0.2996575342465753,525,525,gap_aware,0.9390804597701149,0.03400000000000003
0.3,24,11,0.3,0.2996575342465753,525,525,linear,0.9016203703703703,0.05942857142857144
0.3,24,11,0.3,0.2996575342465753,525,525,gap_aware,0.9178240740740741,0.07400000000000001
0.3,48,11,0.3,0.2996575342465753,525,525,linear,0.9137323943661971,0.11885714285714283
0.3,48,11,0.3,0.2996575342465753,525,525,gap_aware,0.9113849765258216,0.11600000000000005
0.3,6,12,0.3,0.2996575342465753,525,525,linear,0.9467353951890034,0.016000000000000014
0.3,6,12,0.3,0.2996575342465753,525,525,gap_aware,0.9616265750286369,0.021999999999999964
0.3,12,12,0.3,0.2996575342465753,525,525,linear,0.9270114942528735,0.02799999999999997
0.3,12,12,0.3,0.2996575342465753,525,525,gap_aware,0.9459770114942528,0.040000000000000036
0.3,24,12,0.3,0.2996575342465753,525,525,linear,0.9068287037037037,0.062
0.3,24,12,0.3,0.2996575342465753,525,525,gap_aware,0.9288194444444444,0.09200000000000003
0.3,48,12,0.3,0.2996575342465753,525,525,linear,0.9113849765258216,0.11600000000000005
0.3,48,12,0.3,0.2996575342465753,525,525,gap_aware,0.95481220657277,0.15200000000000002
0.3,6,13,0.3,0.2996575342465753,525,525,linear,0.9610538373424972,0.020000000000000018
0.3,6,13,0.3,0.2996575342465753,525,525,gap_aware,0.9707903780068728,0.02999999999999997
0.3,12,13,0.3,0.2996575342465753,525,525,linear,0.9390804597701149,0.033999999999999975
0.3,12,13,0.3,0.2996575342465753,525,525,gap_aware,0.9505747126436782,0.04999999999999999
0.3,24,13,0.3,0.2996575342465753,525,525,linear,0.9004629629629629,0.055999999999999994
0.3,24,13,0.3,0.2996575342465753,525,525,gap_aware,0.9241898148148148,0.07800000000000001
0.3,48,13,0.3,0.2996575342465753,525,525,linear,0.9102112676056338,0.11599999999999999
0.3,48,13,0.3,0.2996575342465753,525,525,gap_aware,0.9248826291079812,0.12400000000000005
0.3,6,14,0.3,0.2996575342465753,525,525,linear,0.9467353951890034,0.016000000000000014
0.3,6,14,0.3,0.2996575342465753,525,525,gap_aware,0.9639175257731959,0.02200000000000002
0.3,12,14,0.3,0.2996575342465753,525,525,linear,0.9390804597701149,0.033999999999999975
0.3,12,14,0.3,0.2996575342465753,525,525,gap_aware,0.946551724137931,0.04199999999999998
0.3,24,14,0.3,0.2996575342465753,525,525,linear,0.9079861111111112,0.06672000000000006
0.3,24,14,0.3,0.2996575342465753,525,525,gap_aware,0.9259259259259259,0.08200000000000002
0.3,48,14,0.3,0.2996575342465753,525,525,linear,0.9113849765258216,0.1179354838709678
0.3,48,14,0.3,0.2996575342465753,525,525,gap_aware,0.9266431924882629,0.128
0.3,6,15,0.3,0.2996575342465753,525,525,linear,0.9616265750286369,0.021999999999999964
0.3,6,15,0.3,0.2996575342465753,525,525,gap_aware,0.9684994272623139,0.026000000000000023
0.3,12,15,0.3,0.2996575342465753,525,525,linear,0.9390804597701149,0.035999999999999976
0.3,12,15,0.3,0.2996575342465753,525,525,gap_aware,0.9459770114942528,0.03999999999999998
0.3,24,15,0.3,0.2996575342465753,525,525,linear,0.9016203703703703,0.0586666666666667
0.3,24,15,0.3,0.2996575342465753,525,525,gap_aware,0.9068287037037037,0.062
0.3,48,15,0.3,0.2996575342465753,525,525,linear,0.8890845070422535,0.10599999999999998
0.3,48,15,0.3,0.2996575342465753,525,525,gap_aware,0.903755868544601,0.10999999999999999
0.3,6,16,0.3,0.2996575342465753,525,525,linear,0.9381443298969072,0.015318181818181786
0.3,6,16,0.3,0.2996575342465753,525,525,gap_aware,0.9616265750286369,0.021999999999999964
0.3,12,16,0.3,0.2996575342465753,525,525,linear,0.9270114942528735,0.026000000000000023
0.3,12,16,0.3,0.2996575342465753,525,525,gap_aware,0.9425287356321839,0.03799999999999998
0.3,24,16,0.3,0.2996575342465753,525,525,linear,0.9004629629629629,0.055999999999999994
0.3,24,16,0.3,0.2996575342465753,525,525,gap_aware,0.9322916666666666,0.10199999999999998
0.3,48,16,0.3,0.2996575342465753,525,525,linear,0.9266431924882629,0.12799999999999995
0.3,48,16,0.3,0.2996575342465753,525,525,gap_aware,0.9477699530516432,0.148
0.3,6,17,0.3,0.2996575342465753,525,525,linear,0.9381443298969072,0.014000000000000012
0.3,6,17,0.3,0.2996575342465753,525,525,gap_aware,0.9610538373424972,0.020000000000000018
0.3,12,17,0.3,0.2996575342465753,525,525,linear,0.9229885057471264,0.02400000000000002
0.3,12,17,0.3,0.2996575342465753,525,525,gap_aware,0.9373563218390805,0.03199999999999997
0.3,24,17,0.3,0.2996575342465753,525,525,linear,0.8935185185185185,0.04799999999999999
0.3,24,17,0.3,0.2996575342465753,525,525,gap_aware,0.9137731481481481,0.07200000000000001
0.3,48,17,0.3,0.2996575342465753,525,525,linear,0.8632629107981221,0.09399999999999997
0.3,48,17,0.3,0.2996575342465753,525,525,gap_aware,0.9342723004694836,0.132
0.3,6,18,0.3,0.2996575342465753,525,525,linear,0.9467353951890034,0.016564102564102512
0.3,6,18,0.3,0.2996575342465753,525,525,gap_aware,0.9673539518900344,0.025999999999999968
0.3,12,18,0.3,0.2996575342465753,525,525,linear,0.9310344827586207,0.02999999999999997
0.3,12,18,0.3,0.2996575342465753,525,525,gap_aware,0.9494252873563218,0.043999999999999984
0.3,24,18,0.3,0.2996575342465753,525,525,linear,0.9016203703703703,0.057999999999999996
0.3,24,18,0.3,0.2996575342465753,525,525,gap_aware,0.9126157407407407,0.07
0.3,48,18,0.3,0.2996575342465753,525,525,linear,0.8703051643192489,0.10087096774193549
0.3,48,18,0.3,0.2996575342465753,525,525,gap_aware,0.9113849765258216,0.11600000000000005
0.3,6,19,0.3,0.2996575342465753,525,525,linear,0.9467353951890034,0.016000000000000014
0.3,6,19,0.3,0.2996575342465753,525,525,gap_aware,0.9616265750286369,0.021999999999999964
0.3,12,19,0.3,0.2996575342465753,525,525,linear,0.9310344827586207,0.02999999999999997
0.3,12,19,0.3,0.2996575342465753,525,525,gap_aware,0.9390804597701149,0.035999999999999976
0.3,24,19,0.3,0.2996575342465753,525,525,linear,0.9016203703703703,0.057999999999999996
0.3,24,19,0.3,0.2996575342465753,525,525,gap_aware,0.9288194444444444,0.09200000000000003
0.3,48,19,0.3,0.2996575342465753,525,525,linear,0.92018779342723,0.12200000000000005
0.3,48,19,0.3,0.2996575342465753,525,525,gap_aware,0.9354460093896714,0.13599999999999995
0.4,6,0,0.4,0.3995433789954338,700,700,linear,0.9541809851088202,0.018000000000000016
0.4,6,0,0.4,0.3995433789954338,700,700,gap_aware,0.9690721649484536,0.02799999999999997
0.4,12,0,0.4,0.3995433789954338,700,700,linear,0.9390804597701149,0.033999999999999975
0.4,12,0,0.4,0.3995433789954338,700,700,gap_aware,0.9482758620689655,0.04200000000000004
0.4,24,0,0.4,0.3995433789954338,700,700,linear,0.9004629629629629,0.055999999999999994
0.4,24,0,0.4,0.3995433789954338,700,700,gap_aware,0.9137731481481481,0.07200000000000001
0.4,48,0,0.4,0.3995433789954338,700,700,linear,0.903755868544601,0.10999999999999999
0.4,48,0,0.4,0.3995433789954338,700,700,gap_aware,0.937793427230047,0.136
0.4,6,1,0.4,0.3995433789954338,700,700,linear,0.9381443298969072,0.014000000000000012
0.4,6,1,0.4,0.3995433789954338,700,700,gap_aware,0.9610538373424972,0.020000000000000018
0.4,12,1,0.4,0.3995433789954338,700,700,linear,0.9270114942528735,0.026926829268292707
0.4,12,1,0.4,0.3995433789954338,700,700,gap_aware,0.9339080459770115,0.030000000000000027
0.4,24,1,0.4,0.3995433789954338,700,700,linear,0.8987268518518519,0.05385365853658536
0.4,24,1,0.4,0.3995433789954338,700,700,gap_aware,0.9270833333333334,0.08800000000000002
0.4,48,1,0.4,0.3995433789954338,700,700,linear,0.8703051643192489,0.10068085106382985
0.4,48,1,0.4,0.3995433789954338,700,700,gap_aware,0.95481220657277,0.15200000000000002
0.4,6,2,0.4,0.3995433789954338,700,700,linear,0.9553264604810997,0.019999999999999962
0.4,6,2,0.4,0.3995433789954338,700,700,gap_aware,0.9616265750286369,0.021999999999999964
0.4,12,2,0.4,0.3995433789954338,700,700,linear,0.9373563218390805,0.03199999999999997
0.4,12,2,0.4,0.3995433789954338,700,700,gap_aware,0.9390804597701149,0.03400000000000003
0.4,24,2,0.4,0.3995433789954338,700,700,linear,0.8975694444444444,0.0500127186009538
0.4,24,2,0.4,0.3995433789954338,700,700,gap_aware,0.9137731481481481,0.07200000000000001
0.4,48,2,0.4,0.3995433789954338,700,700,linear,0.9078638497652582,0.1133584905660378
0.4,48,2,0.4,0.3995433789954338,700,700,gap_aware,0.9354460093896714,0.13599999999999998
0.4,6,3,0.4,0.3995433789954338,700,700,linear,0.9324169530355098,0.01205263157894737
0.4,6,3,0.4,0.3995433789954338,700,700,gap_aware,0.9467353951890034,0.016000000000000014
0.4,12,3,0.4,0.3995433789954338,700,700,linear,0.9160919540229885,0.021999999999999964
0.4,12,3,0.4,0.3995433789954338,700,700,gap_aware,0.9229885057471264,0.02400000000000002
0.4,24,3,0.4,0.3995433789954338,700,700,linear,0.8784722222222222,0.03400000000000003
0.4,24,3,0.4,0.3995433789954338,700,700,gap_aware,0.8987268518518519,0.05199999999999999
0.4,48,3,0.4,0.3995433789954338,700,700,linear,0.8210093896713615,0.068
0.4,48,3,0.4,0.3995433789954338,700,700,gap_aware,0.8538732394366197,0.08799999999999997
0.4,6,4,0.4,0.3995433789954338,700,700,linear,0.9467353951890034,0.016000000000000014
0.4,6,4,0.4,0.3995433789954338,700,700,gap_aware,0.9656357388316151,0.023999999999999966
0.4,12,4,0.4,0.3995433789954338,700,700,linear,0.9339080459770115,0.030000000000000027
0.4,12,4,0.4,0.3995433789954338,700,700,gap_aware,0.9505747126436782,0.04799999999999999
0.4,24,4,0.4,0.3995433789954338,700,700,linear,0.9016203703703703,0.057999999999999996
0.4,24,4,0.4,0.3995433789954338,700,700,gap_aware,0.9328703703703703,0.10400000000000004
0.4,48,4,0.4,0.3995433789954338,700,700,linear,0.9284037558685446,0.12948648648648647
0.4,48,4,0.4,0.3995433789954338,700,700,gap_aware,0.943075117370892,0.144
0.4,6,5,0.4,0.3995433789954338,700,700,linear,0.9467353951890034,0.016000000000000014
0.4,6,5,0.4,0.3995433789954338,700,700,gap_aware,0.9673539518900344,0.025999999999999968
0.4,12,5,0.4,0.3995433789954338,700,700,linear,0.9339080459770115,0.030000000000000027
0.4,12,5,0.4,0.3995433789954338,700,700,gap_aware,0.9482758620689655,0.04200000000000004
0.4,24,5,0.4,0.3995433789954338,700,700,linear,0.9079861111111112,0.064
0.4,24,5,0.4,0.3995433789954338,700,700,gap_aware,0.9276620370370371,0.09199999999999997
0.4,48,5,0.4,0.3995433789954338,700,700,linear,0.909037558685446,0.11399999999999999
0.4,48,5,0.4,0.3995433789954338,700,700,gap_aware,0.9454225352112676,0.14600000000000002
0.4,6,6,0.4,0.3995433789954338,700,700,linear,0.9335624284077892,0.013999999999999957
0.4,6,6,0.4,0.3995433789954338,700,700,gap_aware,0.9541809851088202,0.018000000000000016
0.4,12,6,0.4,0.3995433789954338,700,700,linear,0.917816091954023,0.02200000000000002
0.4,12,6,0.4,0.3995433789954338,700,700,gap_aware,0.9373563218390805,0.03199999999999997
0.4,24,6,0.4,0.3995433789954338,700,700,linear,0.8877314814814815,0.04200000000000004
0.4,24,6,0.4,0.3995433789954338,700,700,gap_aware,0.9108796296296297,0.068
0.4,48,6,0.4,0.3995433789954338,700,700,linear,0.8503521126760564,0.08433898305084742
0.4,48,6,0.4,0.3995433789954338,700,700,gap_aware,0.9454225352112676,0.14600000000000002
0.4,6,7,0.4,0.3995433789954338,700,700,linear,0.9467353951890034,0.016000000000000014
0.4,6,7,0.4,0.3995433789954338,700,700,gap_aware,0.9616265750286369,0.021999999999999964
0.4,12,7,0.4,0.3995433789954338,700,700,linear,0.9304597701149425,0.02953846153846157
0.4,12,7,0.4,0.3995433789954338,700,700,gap_aware,0.9390804597701149,0.035999999999999976
0.4,24,7,0.4,0.3995433789954338,700,700,linear,0.8929398148148148,0.045999999999999985
0.4,24,7,0.4,0.3995433789954338,700,700,gap_aware,0.8929398148148148,0.045999999999999985
0.4,48,7,0.4,0.3995433789954338,700,700,linear,0.8562206572769953,0.08800000000000002
0.4,48,7,0.4,0.3995433789954338,700,700,gap_aware,0.8697183098591549,0.09999999999999998
0.4,6,8,0.4,0.3995433789954338,700,700,linear,0.9467353951890034,0.016000000000000014
0.4,6,8,0.4,0.3995433789954338,700,700,gap_aware,0.9707903780068728,0.028000000000000025
0.4,12,8,0.4,0.3995433789954338,700,700,linear,0.9385057471264368,0.03200000000000003
0.4,12,8,0.4,0.3995433789954338,700,700,gap_aware,0.9534482758620689,0.057999999999999996
0.4,24,8,0.4,0.3995433789954338,700,700,linear,0.9241898148148148,0.08000000000000002
0.4,24,8,0.4,0.3995433789954338,700,700,gap_aware,0.9583333333333334,0.14
0.4,48,8,0.4,0.3995433789954338,700,700,linear,0.9248826291079812,0.12400000000000005
0.4,48,8,0.4,0.3995433789954338,700,700,gap_aware,0.9618544600938967,0.15800000000000003
0.4,6,9,0.4,0.3995433789954338,700,700,linear,0.9473081328751431,0.01799999999999996
0.4,6,9,0.4,0.3995433789954338,700,700,gap_aware,0.9707903780068728,0.02999999999999997
0.4,12,9,0.4,0.3995433789954338,700,700,linear,0.9339080459770115,0.030000000000000027
0.4,12,9,0.4,0.3995433789954338,700,700,gap_aware,0.9528735632183908,0.05399999999999999
0.4,24,9,0.4,0.3995433789954338,700,700,linear,0.8993055555555556,0.0554722222222222
0.4,24,9,0.4,0.3995433789954338,700,700,gap_aware,0.921875,0.07600000000000001
0.4,48,9,0.4,0.3995433789954338,700,700,linear,0.9154929577464789,0.12
0.4,48,9,0.4,0.3995433789954338,700,700,gap_aware,0.9266431924882629,0.128
0.4,6,10,0.4,0.3995433789954338,700,700,linear,0.9381443298969072,0.014000000000000012
0.4,6,10,0.4,0.3995433789954338,700,700,gap_aware,0.9541809851088202,0.018000000000000016
0.4,12,10,0.4,0.3995433789954338,700,700,linear,0.9206896551724137,0.023999999999999966
0.4,12,10,0.4,0.3995433789954338,700,700,gap_aware,0.9270114942528735,0.02799999999999997
0.4,24,10,0.4,0.3995433789954338,700,700,linear,0.8877314814814815,0.043534883720930256
0.4,24,10,0.4,0.3995433789954338,700,700,gap_aware,0.9004629629629629,0.055999999999999994
0.4,48,10,0.4,0.3995433789954338,700,700,linear,0.8538732394366197,0.08706976744186046
0.4,48,10,0.4,0.3995433789954338,700,700,gap_aware,0.943075117370892,0.14400000000000002
0.4,6,11,0.4,0.3995433789954338,700,700,linear,0.9541809851088202,0.01905882352941174
0.4,6,11,0.4,0.3995433789954338,700,700,gap_aware,0.9616265750286369,0.021999999999999964
0.4,12,11,0.4,0.3995433789954338,700,700,linear,0.9339080459770115,0.030000000000000027
0.4,12,11,0.4,0.3995433789954338,700,700,gap_aware,0.9413793103448276,0.03600000000000003
0.4,24,11,0.4,0.3995433789954338,700,700,linear,0.9016203703703703,0.05942857142857144
0.4,24,11,0.4,0.3995433789954338,700,700,gap_aware,0.9068287037037037,0.062
0.4,48,11,0.4,0.3995433789954338,700,700,linear,0.9113849765258216,0.11702702702702711
0.4,48,11,0.4,0.3995433789954338,700,700,gap_aware,0.92018779342723,0.122
0.4,6,12,0.4,0.3995433789954338,700,700,linear,0.9392898052691867,0.01599999999999996
0.4,6,12,0.4,0.3995433789954338,700,700,gap_aware,0.9616265750286369,0.021999999999999964
0.4,12,12,0.4,0.3995433789954338,700,700,linear,0.9229885057471264,0.02400000000000002
0.4,12,12,0.4,0.3995433789954338,700,700,gap_aware,0.9494252873563218,0.043999999999999984
0.4,24,12,0.4,0.3995433789954338,700,700,linear,0.9016203703703703,0.057999999999999996
0.4,24,12,0.4,0.3995433789954338,700,700,gap_aware,0.9328703703703703,0.10400000000000004
0.4,48,12,0.4,0.3995433789954338,700,700,linear,0.9113849765258216,0.11600000000000005
0.4,48,12,0.4,0.3995433789954338,700,700,gap_aware,0.9618544600938967,0.158
0.4,6,13,0.4,0.3995433789954338,700,700,linear,0.9610538373424972,0.020000000000000018
0.4,6,13,0.4,0.3995433789954338,700,700,gap_aware,0.9707903780068728,0.033999999999999975
0.4,12,13,0.4,0.3995433789954338,700,700,linear,0.9390804597701149,0.033999999999999975
0.4,12,13,0.4,0.3995433789954338,700,700,gap_aware,0.9534482758620689,0.055999999999999994
0.4,24,13,0.4,0.3995433789954338,700,700,linear,0.9004629629629629,0.055999999999999994
0.4,24,13,0.4,0.3995433789954338,700,700,gap_aware,0.9288194444444444,0.09200000000000003
0.4,48,13,0.4,0.3995433789954338,700,700,linear,0.9102112676056338,0.11599999999999999
0.4,48,13,0.4,0.3995433789954338,700,700,gap_aware,0.9342723004694836,0.132
0.4,6,14,0.4,0.3995433789954338,700,700,linear,0.9673539518900344,0.0241463414634146
0.4,6,14,0.4,0.3995433789954338,700,700,gap_aware,0.9639175257731959,0.02200000000000002
0.4,12,14,0.4,0.3995433789954338,700,700,linear,0.9505747126436782,0.048292682926829256
0.4,12,14,0.4,0.3995433789954338,700,700,gap_aware,0.9494252873563218,0.043999999999999984
0.4,24,14,0.4,0.3995433789954338,700,700,linear,0.9288194444444444,0.09200000000000003
0.4,24,14,0.4,0.3995433789954338,700,700,gap_aware,0.9276620370370371,0.09000000000000002
0.4,48,14,0.4,0.3995433789954338,700,700,linear,0.9284037558685446,0.12965853658536575
0.4,48,14,0.4,0.3995433789954338,700,700,gap_aware,0.9342723004694836,0.132
0.4,6,15,0.4,0.3995433789954338,700,700,linear,0.9467353951890034,0.016000000000000014
0.4,6,15,0.4,0.3995433789954338,700,700,gap_aware,0.9707903780068728,0.03199999999999997
0.4,12,15,0.4,0.3995433789954338,700,700,linear,0.9310344827586207,0.02999999999999997
0.4,12,15,0.4,0.3995433789954338,700,700,gap_aware,0.9494252873563218,0.04400000000000004
0.4,24,15,0.4,0.3995433789954338,700,700,linear,0.8975694444444444,0.05076923076923079
0.4,24,15,0.4,0.3995433789954338,700,700,gap_aware,0.9137731481481481,0.07200000000000001
0.4,48,15,0.4,0.3995433789954338,700,700,linear,0.8650234741784038,0.09599999999999997
0.4,48,15,0.4,0.3995433789954338,700,700,gap_aware,0.9061032863849765,0.11000000000000004
0.4,6,16,0.4,0.3995433789954338,700,700,linear,0.9381443298969072,0.014000000000000012
0.4,6,16,0.4,0.3995433789954338,700,700,gap_aware,0.9553264604810997,0.019999999999999962
0.4,12,16,0.4,0.3995433789954338,700,700,linear,0.9229885057471264,0.02400000000000002
0.4,12,16,0.4,0.3995433789954338,700,700,gap_aware,0.9390804597701149,0.033999999999999975
0.4,24,16,0.4,0.3995433789954338,700,700,linear,0.8929398148148148,0.045999999999999985
0.4,24,16,0.4,0.3995433789954338,700,700,gap_aware,0.9288194444444444,0.09200000000000003
0.4,48,16,0.4,0.3995433789954338,700,700,linear,0.9113849765258216,0.11600000000000005
0.4,48,16,0.4,0.3995433789954338,700,700,gap_aware,0.9424882629107981,0.14200000000000002
0.4,6,17,0.4,0.3995433789954338,700,700,linear,0.9324169530355098,0.01200000000000001
0.4,6,17,0.4,0.3995433789954338,700,700,gap_aware,0.9610538373424972,0.020000000000000018
0.4,12,17,0.4,0.3995433789954338,700,700,linear,0.917816091954023,0.022285714285714298
0.4,12,17,0.4,0.3995433789954338,700,700,gap_aware,0.9373563218390805,0.03199999999999997
0.4,24,17,0.4,0.3995433789954338,700,700,linear,0.8877314814814815,0.04299999999999998
0.4,24,17,0.4,0.3995433789954338,700,700,gap_aware,0.9050925925925926,0.06000000000000005
0.4,48,17,0.4,0.3995433789954338,700,700,linear,0.8597417840375586,0.0913846153846154
0.4,48,17,0.4,0.3995433789954338,700,700,gap_aware,0.9342723004694836,0.132
0.4,6,18,0.4,0.3995433789954338,700,700,linear,0.9467353951890034,0.016000000000000014
0.4,6,18,0.4,0.3995433789954338,700,700,gap_aware,0.9684994272623139,0.026000000000000023
0.4,12,18,0.4,0.3995433789954338,700,700,linear,0.9304597701149425,0.029032258064516148
0.4,12,18,0.4,0.3995433789954338,700,700,gap_aware,0.9482758620689655,0.04200000000000004
0.4,24,18,0.4,0.3995433789954338,700,700,linear,0.8987268518518519,0.053783132530120514
0.4,24,18,0.4,0.3995433789954338,700,700,gap_aware,0.9079861111111112,0.066
0.4,48,18,0.4,0.3995433789954338,700,700,linear,0.8632629107981221,0.09399999999999997
0.4,48,18,0.4,0.3995433789954338,700,700,gap_aware,0.9008215962441315,0.10800000000000004
0.4,6,19,0.4,0.3995433789954338,700,700,linear,0.9467353951890034,0.016521739130434754
0.4,6,19,0.4,0.3995433789954338,700,700,gap_aware,0.9610538373424972,0.020000000000000018
0.4,12,19,0.4,0.3995433789954338,700,700,linear,0.9339080459770115,0.030000000000000027
0.4,12,19,0.4,0.3995433789954338,700,700,gap_aware,0.9390804597701149,0.033999999999999975
0.4,24,19,0.4,0.3995433789954338,700,700,linear,0.9004629629629629,0.055999999999999994
0.4,24,19,0.4,0.3995433789954338,700,700,gap_aware,0.9126157407407407,0.07
0.4,48,19,0.4,0.3995433789954338,700,700,linear,0.909037558685446,0.11399999999999999
0.4,48,19,0.4,0.3995433789954338,700,700,gap_aware,0.9389671361502347,0.138
0.5,6,0,0.5,0.5,876,876,linear,0.9381443298969072,0.014000000000000012
0.5,6,0,0.5,0.5,876,876,gap_aware,0.9673539518900344,0.02400000000000002
0.5,12,0,0.5,0.5,876,876,linear,0.9270114942528735,0.026624390243902507
0.5,12,0,0.5,0.5,876,876,gap_aware,0.9459770114942528,0.03999999999999998
0.5,24,0,0.5,0.5,876,876,linear,0.8900462962962963,0.04555534709193243
0.5,24,0,0.5,0.5,876,876,gap_aware,0.9178240740740741,0.07400000000000001
0.5,48,0,0.5,0.5,876,876,linear,0.880868544600939,0.10399999999999998
0.5,48,0,0.5,0.5,876,876,gap_aware,0.9354460093896714,0.13599999999999998
0.5,6,1,0.5,0.5,876,876,linear,0.9324169530355098,0.013463414634146353
0.5,6,1,0.5,0.5,876,876,gap_aware,0.9610538373424972,0.020000000000000018
0.5,12,1,0.5,0.5,876,876,linear,0.9270114942528735,0.02692682926829265
0.5,12,1,0.5,0.5,876,876,gap_aware,0.9385057471264368,0.03200000000000003
0.5,24,1,0.5,0.5,876,876,linear,0.8987268518518519,0.05385365853658536
0.5,24,1,0.5,0.5,876,876,gap_aware,0.9334490740740741,0.10599999999999998
0.5,48,1,0.5,0.5,876,876,linear,0.8755868544600939,0.10281595881595884
0.5,48,1,0.5,0.5,876,876,gap_aware,0.9642018779342723,0.16
0.5,6,2,0.5,0.5,876,876,linear,0.9324169530355098,0.012507042253521117
0.5,6,2,0.5,0.5,876,876,gap_aware,0.9392898052691867,0.01599999999999996
0.5,12,2,0.5,0.5,876,876,linear,0.917816091954023,0.02218867924528306
0.5,12,2,0.5,0.5,876,876,gap_aware,0.9229885057471264,0.02400000000000002
0.5,24,2,0.5,0.5,876,876,linear,0.8900462962962963,0.04437735849056601
0.5,24,2,0.5,0.5,876,876,gap_aware,0.9108796296296297,0.068
0.5,48,2,0.5,0.5,876,876,linear,0.8450704225352113,0.08256603773584903
0.5,48,2,0.5,0.5,876,876,gap_aware,0.9454225352112676,0.14600000000000002
0.5,6,3,0.5,0.5,876,876,linear,0.9324169530355098,0.01200000000000001
0.5,6,3,0.5,0.5,876,876,gap_aware,0.9610538373424972,0.020000000000000018
0.5,12,3,0.5,0.5,876,876,linear,0.9109195402298851,0.020000000000000018
0.5,12,3,0.5,0.5,876,876,gap_aware,0.9310344827586207,0.02999999999999997
0.5,24,3,0.5,0.5,876,876,linear,0.8784722222222222,0.03400000000000003
0.5,24,3,0.5,0.5,876,876,gap_aware,0.9241898148148148,0.07800000000000001
0.5,48,3,0.5,0.5,876,876,linear,0.8210093896713615,0.068
0.5,48,3,0.5,0.5,876,876,gap_aware,0.8890845070422535,0.10599999999999998
0.5,6,4,0.5,0.5,876,876,linear,0.9335624284077892,0.013999999999999985
0.5,6,4,0.5,0.5,876,876,gap_aware,0.9639175257731959,0.02200000000000002
0.5,12,4,0.5,0.5,876,876,linear,0.9229885057471264,0.02400000000000002
0.5,12,4,0.5,0.5,876,876,gap_aware,0.9494252873563218,0.043999999999999984
0.5,24,4,0.5,0.5,876,876,linear,0.8935185185185185,0.04800000000000004
0.5,24,4,0.5,0.5,876,876,gap_aware,0.9305555555555556,0.09799999999999998
0.5,48,4,0.5,0.5,876,876,linear,0.8755868544600939,0.10200000000000004
0.5,48,4,0.5,0.5,876,876,gap_aware,0.9172535211267606,0.12000000000000005
0.5,6,5,0.5,0.5,876,876,linear,0.9467353951890034,0.016000000000000014
0.5,6,5,0.5,0.5,876,876,gap_aware,0.9707903780068728,0.030000000000000027
0.5,12,5,0.5,0.5,876,876,linear,0.9304597701149425,0.028196078431372507
0.5,12,5,0.5,0.5,876,876,gap_aware,0.9505747126436782,0.04999999999999999
0.5,24,5,0.5,0.5,876,876,linear,0.9068287037037037,0.062
0.5,24,5,0.5,0.5,876,876,gap_aware,0.921875,0.07600000000000001
0.5,48,5,0.5,0.5,876,876,linear,0.9008215962441315,0.10890666666666665
0.5,48,5,0.5,0.5,876,876,gap_aware,0.9424882629107981,0.14200000000000002
0.5,6,6,0.5,0.5,876,876,linear,0.9324169530355098,0.012857142857142845
0.5,6,6,0.5,0.5,876,876,gap_aware,0.9473081328751431,0.01799999999999996
0.5,12,6,0.5,0.5,876,876,linear,0.9206896551724137,0.023999999999999966
0.5,12,6,0.5,0.5,876,876,gap_aware,0.9373563218390805,0.03199999999999997
0.5,24,6,0.5,0.5,876,876,linear,0.8859953703703703,0.040000000000000036
0.5,24,6,0.5,0.5,876,876,gap_aware,0.9178240740740741,0.07400000000000001
0.5,48,6,0.5,0.5,876,876,linear,0.8251173708920188,0.07
0.5,48,6,0.5,0.5,876,876,gap_aware,0.943075117370892,0.14400000000000002
0.5,6,7,0.5,0.5,876,876,linear,0.9335624284077892,0.013999999999999957
0.5,6,7,0.5,0.5,876,876,gap_aware,0.9541809851088202,0.018000000000000016
0.5,12,7,0.5,0.5,876,876,linear,0.917816091954023,0.02200000000000002
0.5,12,7,0.5,0.5,876,876,gap_aware,0.9390804597701149,0.03400000000000003
0.5,24,7,0.5,0.5,876,876,linear,0.8859953703703703,0.04016000000000003
0.5,24,7,0.5,0.5,876,876,gap_aware,0.8935185185185185,0.04799999999999999
0.5,48,7,0.5,0.5,876,876,linear,0.8374413145539906,0.07914285714285718
0.5,48,7,0.5,0.5,876,876,gap_aware,0.8650234741784038,0.09599999999999997
0.5,6,8,0.5,0.5,876,876,linear,0.9381443298969072,0.014000000000000012
0.5,6,8,0.5,0.5,876,876,gap_aware,0.9707903780068728,0.030000000000000027
0.5,12,8,0.5,0.5,876,876,linear,0.9304597701149425,0.02846511627906978
0.5,12,8,0.5,0.5,876,876,gap_aware,0.9626436781609196,0.07799999999999996
0.5,24,8,0.5,0.5,876,876,linear,0.9137731481481481,0.07200000000000001
0.5,24,8,0.5,0.5,876,876,gap_aware,0.9716435185185185,0.16800000000000004
0.5,48,8,0.5,0.5,876,876,linear,0.9137323943661971,0.11990697674418604
0.5,48,8,0.5,0.5,876,876,gap_aware,0.9776995305164319,0.16999999999999998
0.5,6,9,0.5,0.5,876,876,linear,0.9381443298969072,0.014000000000000012
0.5,6,9,0.5,0.5,876,876,gap_aware,0.9707903780068728,0.028000000000000025
0.5,12,9,0.5,0.5,876,876,linear,0.9229885057471264,0.02400000000000002
0.5,12,9,0.5,0.5,876,876,gap_aware,0.9505747126436782,0.04800000000000004
0.5,24,9,0.5,0.5,876,876,linear,0.8929398148148148,0.045999999999999985
0.5,24,9,0.5,0.5,876,876,gap_aware,0.9178240740740741,0.07400000000000001
0.5,48,9,0.5,0.5,876,876,linear,0.9102112676056338,0.11599999999999999
0.5,48,9,0.5,0.5,876,876,gap_aware,0.9389671361502347,0.138
0.5,6,10,0.5,0.5,876,876,linear,0.9324169530355098,0.01200000000000001
0.5,6,10,0.5,0.5,876,876,gap_aware,0.9467353951890034,0.016000000000000014
0.5,12,10,0.5,0.5,876,876,linear,0.917816091954023,0.02200000000000002
0.5,12,10,0.5,0.5,876,876,gap_aware,0.9270114942528735,0.02799999999999997
0.5,24,10,0.5,0.5,876,876,linear,0.8877314814814815,0.04353488372093023
0.5,24,10,0.5,0.5,876,876,gap_aware,0.921875,0.07600000000000001
0.5,48,10,0.5,0.5,876,876,linear,0.8456572769953051,0.08399999999999996
0.5,48,10,0.5,0.5,876,876,gap_aware,0.9642018779342723,0.16000000000000003
0.5,6,11,0.5,0.5,876,876,linear,0.9541809851088202,0.018000000000000016
0.5,6,11,0.5,0.5,876,876,gap_aware,0.9656357388316151,0.023999999999999966
0.5,12,11,0.5,0.5,876,876,linear,0.9304597701149425,0.02929133858267713
0.5,12,11,0.5,0.5,876,876,gap_aware,0.9425287356321839,0.03799999999999998
0.5,24,11,0.5,0.5,876,876,linear,0.8935185185185185,0.04799999999999999
0.5,24,11,0.5,0.5,876,876,gap_aware,0.8935185185185185,0.04799999999999999
0.5,48,11,0.5,0.5,876,876,linear,0.8632629107981221,0.09435294117647058
0.5,48,11,0.5,0.5,876,876,gap_aware,0.8286384976525821,0.07200000000000001
0.5,6,12,0.5,0.5,876,876,linear,0.9324169530355098,0.01200000000000001
0.5,6,12,0.5,0.5,876,876,gap_aware,0.9610538373424972,0.020000000000000018
0.5,12,12,0.5,0.5,876,876,linear,0.9160919540229885,0.021999999999999964
0.5,12,12,0.5,0.5,876,876,gap_aware,0.9390804597701149,0.03400000000000003
0.5,24,12,0.5,0.5,876,876,linear,0.8825231481481481,0.03799999999999998
0.5,24,12,0.5,0.5,876,876,gap_aware,0.9270833333333334,0.08800000000000002
0.5,48,12,0.5,0.5,876,876,linear,0.8286384976525821,0.07348022598870058
0.5,48,12,0.5,0.5,876,876,gap_aware,0.943075117370892,0.14400000000000002
0.5,6,13,0.5,0.5,876,876,linear,0.9473081328751431,0.01799999999999996
0.5,6,13,0.5,0.5,876,876,gap_aware,0.9713631156930126,0.03400000000000003
0.5,12,13,0.5,0.5,876,876,linear,0.9310344827586207,0.02999999999999997
0.5,12,13,0.5,0.5,876,876,gap_aware,0.9540229885057471,0.06
0.5,24,13,0.5,0.5,876,876,linear,0.8993055555555556,0.054938775510204096
0.5,24,13,0.5,0.5,876,876,gap_aware,0.9322916666666666,0.10000000000000003
0.5,48,13,0.5,0.5,876,876,linear,0.903755868544601,0.10999999999999999
0.5,48,13,0.5,0.5,876,876,gap_aware,0.9248826291079812,0.12400000000000005
0.5,6,14,0.5,0.5,876,876,linear,0.9473081328751431,0.01799999999999996
0.5,6,14,0.5,0.5,876,876,gap_aware,0.9639175257731959,0.02200000000000002
0.5,12,14,0.5,0.5,876,876,linear,0.9390804597701149,0.03400000000000003
0.5,12,14,0.5,0.5,876,876,gap_aware,0.9482758620689655,0.04200000000000004
0.5,24,14,0.5,0.5,876,876,linear,0.9079861111111112,0.064
0.5,24,14,0.5,0.5,876,876,gap_aware,0.9241898148148148,0.07800000000000001
0.5,48,14,0.5,0.5,876,876,linear,0.8755868544600939,0.10200000000000004
0.5,48,14,0.5,0.5,876,876,gap_aware,0.8890845070422535,0.10599999999999998
0.5,6,15,0.5,0.5,876,876,linear,0.9381443298969072,0.014000000000000012
0.5,6,15,0.5,0.5,876,876,gap_aware,0.9707903780068728,0.02999999999999997
0.5,12,15,0.5,0.5,876,876,linear,0.9229885057471264,0.02556521739130435
0.5,12,15,0.5,0.5,876,876,gap_aware,0.9482758620689655,0.04200000000000004
0.5,24,15,0.5,0.5,876,876,linear,0.8975694444444444,0.05076923076923079
0.5,24,15,0.5,0.5,876,876,gap_aware,0.9050925925925926,0.06
0.5,48,15,0.5,0.5,876,876,linear,0.8597417840375586,0.09125925925925926
0.5,48,15,0.5,0.5,876,876,gap_aware,0.8650234741784038,0.09599999999999997
0.5,6,16,0.5,0.5,876,876,linear,0.9381443298969072,0.014000000000000012
0.5,6,16,0.5,0.5,876,876,gap_aware,0.9639175257731959,0.02200000000000002
0.5,12,16,0.5,0.5,876,876,linear,0.9229885057471264,0.02400000000000002
0.5,12,16,0.5,0.5,876,876,gap_aware,0.9482758620689655,0.04200000000000004
0.5,24,16,0.5,0.5,876,876,linear,0.8929398148148148,0.045999999999999985
0.5,24,16,0.5,0.5,876,876,gap_aware,0.9432870370370371,0.11600000000000005
0.5,48,16,0.5,0.5,876,876,linear,0.9113849765258216,0.11600000000000005
0.5,48,16,0.5,0.5,876,876,gap_aware,0.9618544600938967,0.158
0.5,6,17,0.5,0.5,876,876,linear,0.9324169530355098,0.01200000000000001
0.5,6,17,0.5,0.5,876,876,gap_aware,0.9616265750286369,0.021999999999999964
0.5,12,17,0.5,0.5,876,876,linear,0.9109195402298851,0.020428571428571407
0.5,12,17,0.5,0.5,876,876,gap_aware,0.946551724137931,0.04199999999999998
0.5,24,17,0.5,0.5,876,876,linear,0.8836805555555556,0.038976744186046464
0.5,24,17,0.5,0.5,876,876,gap_aware,0.9137731481481481,0.07200000000000006
0.5,48,17,0.5,0.5,876,876,linear,0.8503521126760564,0.08527272727272728
0.5,48,17,0.5,0.5,876,876,gap_aware,0.9266431924882629,0.126
0.5,6,18,0.5,0.5,876,876,linear,0.9381443298969072,0.015277108433734976
0.5,6,18,0.5,0.5,876,876,gap_aware,0.9610538373424972,0.020000000000000018
0.5,12,18,0.5,0.5,876,876,linear,0.9304597701149425,0.029032258064516092
0.5,12,18,0.5,0.5,876,876,gap_aware,0.9385057471264368,0.03200000000000003
0.5,24,18,0.5,0.5,876,876,linear,0.8987268518518519,0.05378313253012046
0.5,24,18,0.5,0.5,876,876,gap_aware,0.8987268518518519,0.052000000000000046
0.5,48,18,0.5,0.5,876,876,linear,0.8538732394366197,0.0866024096385542
0.5,48,18,0.5,0.5,876,876,gap_aware,0.8632629107981221,0.09400000000000003
0.5,6,19,0.5,0.5,876,876,linear,0.9324169530355098,0.01200000000000001
0.5,6,19,0.5,0.5,876,876,gap_aware,0.9553264604810997,0.019999999999999962
0.5,12,19,0.5,0.5,876,876,linear,0.9160919540229885,0.021999999999999964
0.5,12,19,0.5,0.5,876,876,gap_aware,0.9390804597701149,0.033999999999999975
0.5,24,19,0.5,0.5,876,876,linear,0.8859953703703703,0.04021621621621618
0.5,24,19,0.5,0.5,876,876,gap_aware,0.9241898148148148,0.07800000000000001
0.5,48,19,0.5,0.5,876,876,linear,0.8562206572769953,0.08800000000000002
0.5,48,19,0.5,0.5,876,876,gap_aware,0.9424882629107981,0.14200000000000002
