family,geom,method,frac,n,mean_fill,mean_gapaware,median_diff_pp,mean_diff_pp,ci_lo_pp,ci_hi_pp,wilcoxon_p,rank_biserial,holm_p
ridge,single,linear,0.1,20,88.99245204521978,89.83424162740734,-0.9690881084904568,-0.8417895821875836,-1.0500639570460706,-0.5317337016131704,0.0007076263427734375,-0.8095238095238095,0.023351669311523438
ridge,single,linear,0.2,20,88.04162900350147,89.74694376516531,-2.183142723352111,-1.7053147616638409,-2.1417581239731383,-1.1588233592976904,4.76837158203125e-05,-0.9238095238095239,0.0020503997802734375
ridge,single,linear,0.3,20,87.07719775993026,89.65015046029751,-4.006173421516252,-2.5729527003672787,-3.7583398826427916,-1.0477497914737581,0.0023250579833984375,-0.7428571428571429,0.07207679748535156
ridge,single,linear,0.4,20,86.22718979262336,89.32381854006299,-5.912573950402056,-3.0966287474396093,-4.898755777623067,-1.0659871476349083,0.009435653686523438,-0.6476190476190476,0.2736339569091797
ridge,single,linear,0.5,20,83.76442008115283,89.29826693214133,-8.338873494161708,-5.533846850988498,-7.465722400483499,-3.319696308846492,0.000209808349609375,-0.8666666666666667,0.00797271728515625
ridge,single,ffill,0.1,20,89.29868559867232,89.83424162740734,-0.977307589239923,-0.535556028735044,-1.0200952740682185,0.12933209939532622,0.012079238891601562,-0.6285714285714286,0.3140602111816406
ridge,single,ffill,0.2,20,88.1027343033574,89.74694376516531,-2.247675234663676,-1.644209461807933,-2.2764661311326,-0.8507289082349244,0.012079238891601562,-0.6285714285714286,0.3140602111816406
ridge,single,ffill,0.3,20,86.63653739868046,89.65015046029751,-4.070683891876481,-3.013613061617067,-4.055873445400848,-1.8843096010219997,2.6702880859375e-05,-0.9428571428571428,0.001255035400390625
ridge,single,ffill,0.4,20,84.77364865882633,89.32381854006299,-5.913481454298541,-4.5501698812366325,-5.844520582148976,-3.0949642835798548,2.6702880859375e-05,-0.9428571428571428,0.001255035400390625
ridge,single,ffill,0.5,20,83.67502123837957,89.29826693214133,-8.685193546255698,-5.62324569376177,-7.677235032423007,-3.233246427057301,0.0003223419189453125,-0.8476190476190476,0.011926651000976562
ridge,single,spline,0.1,20,99.70753375562973,89.83424162740734,9.937680102785368,9.873292128222364,9.712007865201679,10.016510827958355,1.9073486328125e-06,1.0,0.000171661376953125
ridge,single,spline,0.2,20,100.0,89.74694376516531,10.314091598213558,10.253056234834684,10.135832671040577,10.36350473216748,1.9073486328125e-06,1.0,0.000171661376953125
ridge,single,spline,0.3,20,100.0,89.65015046029751,10.414203539983058,10.349849539702472,10.210598760421714,10.479198272361801,1.9073486328125e-06,1.0,0.000171661376953125
ridge,single,spline,0.4,20,100.0,89.32381854006299,10.746695947231105,10.676181459937032,10.560104737276484,10.781811248722976,1.9073486328125e-06,1.0,0.000171661376953125
ridge,single,spline,0.5,20,100.0,89.29826693214133,10.766780677049237,10.701733067858662,10.544702959504786,10.8480586638811,1.9073486328125e-06,1.0,0.000171661376953125
ridge,distributed,linear,0.1,20,89.56737449198454,89.8892126505775,-0.6510370650571251,-0.32183815859294806,-0.6707795243261708,0.09349176395251588,0.058258056640625,-0.4857142857142857,1.0
ridge,distributed,linear,0.2,20,88.8991868372726,89.9491277829058,-1.5054480176256047,-1.0499409456332223,-1.6606862158882103,-0.3753683303953593,0.01068878173828125,-0.638095238095238,0.28859710693359375
ridge,distributed,linear,0.3,20,87.94307832703524,90.02640197456732,-2.2267181304762906,-2.083323647532101,-2.8532931292151336,-1.2977036886675568,0.0003223419189453125,-0.8476190476190476,0.011926651000976562
ridge,distributed,linear,0.4,20,87.49655164732226,90.02687177473858,-3.001814853351931,-2.530320127416324,-3.3703027629575915,-1.6460994875597825,0.0001678466796875,-0.8761904761904762,0.0067138671875
ridge,distributed,linear,0.5,20,86.3070030497699,90.00691292614042,-3.309195185487318,-3.6999098763704836,-4.763728794845821,-2.615569019206889,1.33514404296875e-05,-0.9619047619047619,0.0006542205810546875
ridge,distributed,ffill,0.1,20,90.3859199590471,89.8892126505775,-0.5049702631546804,0.49670730846960714,-0.3153904468493942,1.365682370647987,0.6215133666992188,0.13333333333333333,1.0
ridge,distributed,ffill,0.2,20,90.62755972284548,89.9491277829058,0.041679114511811166,0.6784319399396381,-0.5212453804059145,1.9781439829419116,0.4304332733154297,0.20952380952380953,1.0
ridge,distributed,ffill,0.3,20,90.40150824795306,90.02640197456732,0.49984519899316515,0.3751062733857391,-1.0372673679643687,1.8335298189360645,0.6742229461669922,0.11428571428571428,1.0
ridge,distributed,ffill,0.4,20,90.60932225701764,90.02687177473858,0.6455594061355763,0.58245048227908,-0.8988448799015788,2.0331435961745212,0.47490501403808594,0.19047619047619047,1.0
ridge,distributed,ffill,0.5,20,90.4879388309087,90.00691292614042,-0.06447881909146247,0.4810259047683353,-1.1419244802573592,2.076037992134841,0.6476554870605469,0.12380952380952381,1.0
ridge,distributed,spline,0.1,20,99.17259808136352,89.8892126505775,9.252584273130388,9.283385430786035,8.997200663666813,9.567620668648434,1.9073486328125e-06,1.0,0.000171661376953125
ridge,distributed,spline,0.2,20,100.0,89.9491277829058,9.922496506019375,10.050872217094186,9.848115354882228,10.269689862000968,1.9073486328125e-06,1.0,0.000171661376953125
ridge,distributed,spline,0.3,20,100.0,90.02640197456732,9.893204018060043,9.973598025432675,9.72441009661625,10.227450628660423,1.9073486328125e-06,1.0,0.000171661376953125
ridge,distributed,spline,0.4,20,100.0,90.02687177473858,9.958413738698802,9.973128225261428,9.688559090355634,10.25523849796967,1.9073486328125e-06,1.0,0.000171661376953125
ridge,distributed,spline,0.5,20,100.0,90.00691292614042,9.972806377994903,9.993087073859602,9.527724888122053,10.480051689538119,1.9073486328125e-06,1.0,0.000171661376953125
ridge,isolated,linear,0.1,20,89.06406198379366,89.80730925582911,-0.720454887169969,-0.743247272035451,-0.804253274587431,-0.6864323866300954,1.9073486328125e-06,-1.0,0.000171661376953125
ridge,isolated,linear,0.2,20,88.22286619296824,89.80830484212086,-1.5326653449350636,-1.5854386491526302,-1.7268240502249932,-1.4448617154686956,1.9073486328125e-06,-1.0,0.000171661376953125
ridge,isolated,linear,0.3,20,87.29781352663359,89.89938634751906,-2.5960316536258246,-2.601572820885429,-2.8605984515700467,-2.3380875147733122,1.9073486328125e-06,-1.0,0.000171661376953125
ridge,isolated,linear,0.4,20,86.27946876284153,89.80191022386252,-3.29864642726192,-3.522441461021004,-3.900514251917632,-3.1772893155255995,1.9073486328125e-06,-1.0,0.000171661376953125
ridge,isolated,linear,0.5,20,85.10341214480667,90.23558469970462,-5.351978334826619,-5.132172554897947,-5.929460096953891,-4.334220054377523,1.9073486328125e-06,-1.0,0.000171661376953125
ridge,isolated,ffill,0.1,20,89.78653106316689,89.80730925582911,-0.006692993654222601,-0.020778192662245787,-0.13677971188197305,0.09478845302465756,0.8408222198486328,-0.05714285714285714,1.0
ridge,isolated,ffill,0.2,20,89.86288301008301,89.80830484212086,0.04207566119548978,0.054578167962145985,-0.14243630743864114,0.2596054706848117,0.7841262817382812,0.0761904761904762,1.0
ridge,isolated,ffill,0.3,20,89.85704985111734,89.89938634751906,-0.07656761347992203,-0.042336496401716994,-0.3562366155100403,0.26572011988338096,0.7561664581298828,-0.08571428571428572,1.0
ridge,isolated,ffill,0.4,20,89.72575354706258,89.80191022386252,0.03238420744278714,-0.07615667679994438,-0.5995314661697358,0.40517308867429563,1.0,0.0,1.0
ridge,isolated,ffill,0.5,20,89.6409064082244,90.23558469970462,-0.9720000680826624,-0.5946782914802218,-1.5279099437474948,0.33591712157488307,0.0758514404296875,-0.45714285714285713,1.0
ridge,isolated,spline,0.1,20,90.84746551982725,89.80730925582911,1.1180373950891942,1.0401562639981148,0.8827686265186349,1.192041705856422,1.9073486328125e-06,1.0,0.000171661376953125
ridge,isolated,spline,0.2,20,91.94618913048774,89.80830484212086,2.048542408493448,2.1378842883668905,1.9400045802618773,2.343943194673931,1.9073486328125e-06,1.0,0.000171661376953125
ridge,isolated,spline,0.3,20,93.01364120528847,89.89938634751906,3.1342570594966257,3.1142548577694242,2.831427644119429,3.4077451446300966,1.9073486328125e-06,1.0,0.000171661376953125
ridge,isolated,spline,0.4,20,94.25414381402415,89.80191022386252,4.217406539321594,4.4522335901616605,3.9542814471138343,4.973815657235534,1.9073486328125e-06,1.0,0.000171661376953125
ridge,isolated,spline,0.5,20,95.49128571503537,90.23558469970462,5.096266865900834,5.255701015330784,4.390600781814072,6.081182580168021,1.9073486328125e-06,1.0,0.000171661376953125
lstm,single,linear,0.1,20,88.75155209796705,89.73789105870028,-1.0802580126564876,-0.9863389607332307,-1.1367131475917753,-0.7382366555511732,0.000133514404296875,-0.8857142857142857,0.005474090576171875
lstm,single,linear,0.2,20,87.63488914097458,89.62883154641196,-2.5039412174488076,-1.993942405437382,-2.4268453299976835,-1.4756662465707502,2.6702880859375e-05,-0.9428571428571428,0.001255035400390625
lstm,single,linear,0.3,20,86.48047492060475,89.44776951017055,-4.111701440615001,-2.967294589565786,-4.089709264181857,-1.4973008194939648,0.0019855499267578125,-0.7523809523809524,0.06353759765625
lstm,single,linear,0.4,20,85.9458553423971,89.0792998176855,-6.033492636383569,-3.1334444752884365,-5.013411029204424,-1.024994556520707,0.009435653686523438,-0.6476190476190476,0.2736339569091797
lstm,single,linear,0.5,20,83.74616428798302,88.92586518595371,-7.8907403890703,-5.179700897970697,-7.0660763495582115,-2.9881138672801364,0.0003223419189453125,-0.8476190476190476,0.011926651000976562
lstm,single,ffill,0.1,20,89.10864643080153,89.73789105870028,-1.0576211596388385,-0.6292446278987545,-1.0914304904835004,0.021053807570806476,0.012079238891601562,-0.6285714285714286,0.3140602111816406
lstm,single,ffill,0.2,20,87.74205382786862,89.62883154641196,-2.5343653790939227,-1.8867777185433325,-2.522989484294511,-1.008176026609334,0.012079238891601562,-0.6285714285714286,0.3140602111816406
lstm,single,ffill,0.3,20,86.29987631562514,89.44776951017055,-4.123575374836596,-3.1478931945453876,-4.238543764495606,-1.8832934546505733,8.20159912109375e-05,-0.9047619047619048,0.003444671630859375
lstm,single,ffill,0.4,20,84.43228720942801,89.0792998176855,-6.050652635699438,-4.647012608257487,-6.013586541020786,-3.1220578628066016,2.6702880859375e-05,-0.9428571428571428,0.001255035400390625
lstm,single,ffill,0.5,20,83.78012615563713,88.92586518595371,-8.315156219318748,-5.145739030316585,-7.21909126284538,-2.756653827696603,0.0003948211669921875,-0.8380952380952381,0.013423919677734375
lstm,single,spline,0.1,20,99.53600901450008,89.73789105870028,9.929565137755887,9.798117955799796,9.56500812981389,10.003289088751758,1.9073486328125e-06,1.0,0.000171661376953125
lstm,single,spline,0.2,20,100.0,89.62883154641196,10.428367416982942,10.371168453588044,10.218518196010645,10.519882906046806,1.9073486328125e-06,1.0,0.000171661376953125
lstm,single,spline,0.3,20,100.0,89.44776951017055,10.669059488468474,10.552230489829457,10.366717663041678,10.727086669428482,1.9073486328125e-06,1.0,0.000171661376953125
lstm,single,spline,0.4,20,100.0,89.0792998176855,11.064408024909707,10.920700182314484,10.760788043332623,11.067045585207207,1.9073486328125e-06,1.0,0.000171661376953125
lstm,single,spline,0.5,20,100.0,88.92586518595371,11.175620370505484,11.074134814046293,10.850098375911802,11.288412824851752,1.9073486328125e-06,1.0,0.000171661376953125
lstm,distributed,linear,0.1,20,89.4764819476818,89.83935493469481,-0.7616223790565091,-0.3628729870129909,-0.7305107264447444,0.0815603769559757,0.026641845703125,-0.5619047619047619,0.58612060546875
lstm,distributed,linear,0.2,20,88.88675003699389,89.89302133638212,-1.3445952481377588,-1.006271299388217,-1.6079093814050498,-0.3392772514431923,0.00830841064453125,-0.6571428571428571,0.2492523193359375
lstm,distributed,linear,0.3,20,87.86814852859519,90.0363226495854,-2.3246625455912717,-2.1681741209902308,-2.9240543237472605,-1.3957077319072386,0.0001678466796875,-0.8761904761904762,0.0067138671875
lstm,distributed,linear,0.4,20,87.14659074437688,89.94466701404222,-3.39566188795985,-2.7980762696653434,-3.5658360598810366,-1.9883392927087615,1.9073486328125e-05,-0.9523809523809523,0.00091552734375
lstm,distributed,linear,0.5,20,85.88010930835279,89.92438691250186,-3.444415468086298,-4.044277604149068,-5.189573053357287,-2.869477484469434,9.5367431640625e-06,-0.9714285714285714,0.000476837158203125
lstm,distributed,ffill,0.1,20,90.28033148014426,89.83935493469481,-0.6986606315856458,0.4409765454494391,-0.35232016629269003,1.3381509320417928,0.6215133666992188,0.13333333333333333,1.0
lstm,distributed,ffill,0.2,20,90.35258286366596,89.89302133638212,-0.06442813255735369,0.45956152728384553,-0.6528612213408901,1.6621059521944697,0.6215133666992188,0.13333333333333333,1.0
lstm,distributed,ffill,0.3,20,89.92910389441356,90.0363226495854,0.2196128695481525,-0.10721875517184956,-1.4642790459229746,1.32857118040537,0.8123550415039062,-0.06666666666666667,1.0
lstm,distributed,ffill,0.4,20,89.93836747456811,89.94466701404222,-0.7533820051415729,-0.006299539474111593,-1.5288522181705557,1.4897911419959646,0.9272785186767578,-0.02857142857142857,1.0
lstm,distributed,ffill,0.5,20,89.39112135368961,89.92438691250186,-0.9910934931788629,-0.5332655588122586,-2.249039990558658,1.1751684785598577,0.49800872802734375,-0.18095238095238095,1.0
lstm,distributed,spline,0.1,20,98.98606338363042,89.83935493469481,8.940191788287617,9.146708448935591,8.82710529130501,9.469531166541417,1.9073486328125e-06,1.0,0.000171661376953125
lstm,distributed,spline,0.2,20,100.0,89.89302133638212,9.900007038591507,10.106978663617888,9.884649097407559,10.350183051529596,1.9073486328125e-06,1.0,0.000171661376953125
lstm,distributed,spline,0.3,20,100.0,90.0363226495854,9.767294796318515,9.963677350414592,9.611899508713389,10.319271178885659,1.9073486328125e-06,1.0,0.000171661376953125
lstm,distributed,spline,0.4,20,100.0,89.94466701404222,10.243656317495091,10.05533298595777,9.662044660385805,10.459532712079733,1.9073486328125e-06,1.0,0.000171661376953125
lstm,distributed,spline,0.5,20,100.0,89.92438691250186,10.062482060430938,10.075613087498144,9.553133610304457,10.653466097223514,1.9073486328125e-06,1.0,0.000171661376953125
lstm,isolated,linear,0.1,20,89.04145341385717,89.87330934047304,-0.8515509666465249,-0.8318559266158381,-0.8953908603634217,-0.7668447195772106,1.9073486328125e-06,-1.0,0.000171661376953125
lstm,isolated,linear,0.2,20,88.2838539992172,89.93793781203216,-1.6897988902374816,-1.6540838128149509,-1.7883310150083,-1.5203903048324678,1.9073486328125e-06,-1.0,0.000171661376953125
lstm,isolated,linear,0.3,20,87.3880433130259,89.9972661418255,-2.4729084133720214,-2.6092228287995853,-2.899164514384962,-2.339046852058122,1.9073486328125e-06,-1.0,0.000171661376953125
lstm,isolated,linear,0.4,20,86.39518928923697,89.92541950485482,-3.5076300301627503,-3.530230215617854,-3.8962680069595104,-3.175216750866992,1.9073486328125e-06,-1.0,0.000171661376953125
lstm,isolated,linear,0.5,20,85.1963507931085,90.35775958059084,-5.128612389969211,-5.161408787482352,-5.989052230362391,-4.321028354132204,1.9073486328125e-06,-1.0,0.000171661376953125
lstm,isolated,ffill,0.1,20,89.82370665372858,89.87330934047304,-0.09074574207589836,-0.0496026867444288,-0.1621664916878025,0.07042368891606215,0.47490501403808594,-0.19047619047619047,1.0
lstm,isolated,ffill,0.2,20,89.91978628814324,89.93793781203216,-0.03904535936102849,-0.01815152388890129,-0.23759232658382518,0.20790103267441787,0.8694877624511719,-0.047619047619047616,1.0
lstm,isolated,ffill,0.3,20,89.92090971331619,89.9972661418255,0.0169185684951223,-0.0763564285093199,-0.3916290009344432,0.2405561241251193,0.7285060882568359,-0.09523809523809523,1.0
lstm,isolated,ffill,0.4,20,89.87989458951269,89.92541950485482,0.22206109567369237,-0.04552491534213001,-0.5003884410801375,0.38098401436516166,0.9854354858398438,0.009523809523809525,1.0
lstm,isolated,ffill,0.5,20,89.76989391880214,90.35775958059084,-0.5959354007302631,-0.5878656617886764,-1.5516031093420204,0.3134854384162466,0.1893482208251953,-0.34285714285714286,1.0
lstm,isolated,spline,0.1,20,90.8965102410339,89.87330934047304,1.0715779388197344,1.0232009005608709,0.8530896727283485,1.188166119133994,1.9073486328125e-06,1.0,0.000171661376953125
lstm,isolated,spline,0.2,20,92.04237109144762,89.93793781203216,2.019360093992917,2.1044332794154585,1.9409357729599273,2.2737442257389713,1.9073486328125e-06,1.0,0.000171661376953125
lstm,isolated,spline,0.3,20,93.15229955677786,89.9972661418255,2.95952955421126,3.1550334149523596,2.9085708885439434,3.4105427529795613,1.9073486328125e-06,1.0,0.000171661376953125
lstm,isolated,spline,0.4,20,94.4454419101025,89.92541950485482,4.36034100170129,4.520022405247692,4.115334828220848,4.970013373446539,1.9073486328125e-06,1.0,0.000171661376953125
lstm,isolated,spline,0.5,20,95.46133320564763,90.35775958059084,5.30911014762302,5.103573625056795,4.186670539487088,5.992498295478374,1.9073486328125e-06,1.0,0.000171661376953125
