geom,method,frac,base1,base2,effect_base1_pp,effect_base2_pp,median_diff_pp,ci_lo_pp,ci_hi_pp,wilcoxon_p,rank_biserial,same_sign,holm_p
single,linear,0.1,lstm,persistence,-1.0802580126564876,-1.092111661269829,0.003947495315304028,-0.08949896501327939,0.3094136407793259,0.9854354858398438,-0.009523809523809525,True,1.0
single,linear,0.1,ridge,persistence,-0.9690881084904568,-1.092111661269829,0.12972496359391905,0.020431578534211542,0.5042670363617654,0.058258056640625,0.4857142857142857,True,1.0
single,linear,0.1,lstm,ridge,-1.0802580126564876,-0.9690881084904568,-0.1157244331849494,-0.24642415155012798,-0.059149634558322596,0.001689910888671875,-0.7619047619047619,True,0.1419525146484375
single,linear,0.2,lstm,persistence,-2.5039412174488076,-2.30555678753292,-0.047993352568187486,-0.08093708261789179,0.7932044802599597,0.9272785186767578,-0.02857142857142857,True,1.0
single,linear,0.2,ridge,persistence,-2.183142723352111,-2.30555678753292,0.16744305984057184,0.20773850556635273,1.0832008462755214,0.0023250579833984375,0.7428571428571429,True,0.19065475463867188
single,linear,0.2,lstm,ridge,-2.5039412174488076,-2.183142723352111,-0.20158588442672487,-0.46585038179776866,-0.1420951019636798,0.001209259033203125,-0.780952380952381,True,0.10278701782226562
single,linear,0.3,lstm,persistence,-4.111701440615001,-4.319978668923707,0.423210774403604,0.21912327917875452,2.5253617762244334,0.01923370361328125,0.5904761904761905,True,1.0
single,linear,0.3,ridge,persistence,-4.006173421516252,-4.319978668923707,0.3350868481012741,0.5705616463227932,2.975425635156602,4.76837158203125e-05,0.9238095238095239,True,0.0049591064453125
single,linear,0.3,lstm,ridge,-4.111701440615001,-4.006173421516252,-0.25759811668011356,-0.7248298970264487,-0.11977682292783791,0.012079238891601562,-0.6285714285714286,True,0.8576259613037109
single,linear,0.4,lstm,persistence,-6.033492636383569,-6.747691819707424,1.4972293104073389,1.9342196502652733,5.719655393787508,5.7220458984375e-06,0.9809523809523809,True,0.000675201416015625
single,linear,0.4,ridge,persistence,-5.912573950402056,-6.747691819707424,1.484718021368864,2.042855929152063,5.658269603765116,1.9073486328125e-06,1.0,True,0.0002574920654296875
single,linear,0.4,lstm,ridge,-6.033492636383569,-5.912573950402056,-0.1412124529727834,-0.25297069144604384,0.20191101520429502,0.34881019592285156,-0.24761904761904763,True,1.0
single,linear,0.5,lstm,persistence,-7.8907403890703,-9.958944659271573,3.0463415299135272,3.217556237124432,6.95646260466119,1.9073486328125e-06,1.0,True,0.0002574920654296875
single,linear,0.5,ridge,persistence,-8.338873494161708,-9.958944659271573,2.259138149521811,2.9127367153556047,6.610318737930802,1.9073486328125e-06,1.0,True,0.0002574920654296875
single,linear,0.5,lstm,ridge,-7.8907403890703,-8.338873494161708,0.4445866746600464,0.15929739524084677,0.5388108362824756,0.0042209625244140625,0.7047619047619048,True,0.33345603942871094
single,ffill,0.1,lstm,persistence,-1.0576211596388385,-1.0483332359580544,0.003189425685734548,-0.07594873108047706,0.9803772814700075,0.8408222198486328,-0.05714285714285714,True,1.0
single,ffill,0.1,ridge,persistence,-0.977307589239923,-1.0483332359580544,0.07978649010143557,0.0006012791663290936,1.0737227947639358,0.2305126190185547,0.3142857142857143,True,1.0
single,ffill,0.1,lstm,ridge,-1.0576211596388385,-0.977307589239923,-0.07946860347582407,-0.15499233303784335,-0.03832195956929845,0.0072956085205078125,-0.6666666666666666,True,0.5471706390380859
single,ffill,0.2,lstm,persistence,-2.5343653790939227,-2.328481414738964,-0.048513947935263646,-0.2371913060121468,1.2223833563879571,0.5458755493164062,-0.1619047619047619,True,1.0
single,ffill,0.2,ridge,persistence,-2.247675234663676,-2.328481414738964,0.1567518696566128,0.032836268657263946,1.3837153276119765,0.1230926513671875,0.4,True,1.0
single,ffill,0.2,lstm,ridge,-2.5343653790939227,-2.247675234663676,-0.15920380878944318,-0.3822992898579031,-0.11000128714362001,0.0004825592041015625,-0.8285714285714286,True,0.04391288757324219
single,ffill,0.3,lstm,persistence,-4.123575374836596,-4.305315912325469,0.4620363992468568,0.14298657895557745,2.2263719048415958,0.029575347900390625,0.5523809523809524,True,1.0
single,ffill,0.3,ridge,persistence,-4.070683891876481,-4.305315912325469,0.3135223308057489,0.3263737713111021,2.266923260139728,0.0002613067626953125,0.8571428571428571,True,0.024562835693359375
single,ffill,0.3,lstm,ridge,-4.123575374836596,-4.070683891876481,-0.15955653770637945,-0.31222892118868345,0.040891976381331935,0.13272666931152344,-0.3904761904761905,True,1.0
single,ffill,0.4,lstm,persistence,-6.050652635699438,-6.73277831845353,1.1429182571235934,0.9507549919610979,3.7243345181684657,5.7220458984375e-06,0.9809523809523809,True,0.000675201416015625
single,ffill,0.4,ridge,persistence,-5.913481454298541,-6.73277831845353,1.0939376702299661,1.1265249165940403,3.710029113325279,1.9073486328125e-06,1.0,True,0.0002574920654296875
single,ffill,0.4,lstm,ridge,-6.050652635699438,-5.913481454298541,-0.17256090478124397,-0.23497425077204018,0.049307999391605635,0.16495704650878906,-0.3619047619047619,True,1.0
single,ffill,0.5,lstm,persistence,-8.315156219318748,-10.051370058755506,2.807399968686652,3.139453707167217,7.019101187053353,1.9073486328125e-06,1.0,True,0.0002574920654296875
single,ffill,0.5,ridge,persistence,-8.685193546255698,-10.051370058755506,2.2315174323519695,2.6977330994959763,6.510103365351992,1.9073486328125e-06,1.0,True,0.0002574920654296875
single,ffill,0.5,lstm,ridge,-8.315156219318748,-8.685193546255698,0.44942301609353663,0.2936831755647242,0.6765343677130929,8.20159912109375e-05,0.9047619047619048,True,0.008119583129882812
single,spline,0.1,lstm,persistence,9.929565137755887,8.716756162456901,1.2166133149151275,1.1173885161735033,2.0425669657151664,3.814697265625e-06,0.9904761904761905,True,0.000461578369140625
single,spline,0.1,ridge,persistence,9.937680102785368,8.716756162456901,1.2730650475839482,1.1712456520562333,2.1445195004330047,1.9073486328125e-06,1.0,True,0.0002574920654296875
single,spline,0.1,lstm,ridge,9.929565137755887,9.937680102785368,0.014059819794931094,-0.2240467770726905,0.05756121799170826,0.6742229461669922,-0.11428571428571428,True,1.0
single,spline,0.2,lstm,persistence,10.428367416982942,9.518968854172705,0.8121082337601724,0.7403826543406355,2.273911985514282,1.9073486328125e-05,0.9523809523809523,True,0.002079010009765625
single,spline,0.2,ridge,persistence,10.314091598213558,9.518968854172705,0.6775934118661171,0.6247897843017247,2.108447787676975,2.6702880859375e-05,0.9428571428571428,True,0.0028839111328125
single,spline,0.2,lstm,ridge,10.428367416982942,10.314091598213558,0.10596139808870042,0.060780974321917265,0.18263000501502763,0.0003223419189453125,0.8476190476190476,True,0.02965545654296875
single,spline,0.3,lstm,persistence,10.669059488468474,9.80454280435264,0.9891551486968364,0.9114787137212692,3.140693614919825,3.62396240234375e-05,0.9333333333333333,True,0.003841400146484375
single,spline,0.3,ridge,persistence,10.414203539983058,9.80454280435264,0.7096630950184926,0.7232943106734605,2.870772165627813,6.29425048828125e-05,0.9142857142857143,True,0.006420135498046875
single,spline,0.3,lstm,ridge,10.669059488468474,10.414203539983058,0.21943031929910717,0.10612353451684087,0.2973158066735233,0.0019855499267578125,0.7523809523809524,True,0.16480064392089844
single,spline,0.4,lstm,persistence,11.064408024909707,9.732868352718599,1.2589583442311767,1.2888195892892607,2.290706710479752,1.9073486328125e-06,1.0,True,0.0002574920654296875
single,spline,0.4,ridge,persistence,10.746695947231105,9.732868352718599,1.1687245443822274,1.0603881301672073,2.008208800842266,3.814697265625e-06,0.9904761904761905,True,0.000461578369140625
single,spline,0.4,lstm,ridge,11.064408024909707,10.746695947231105,0.32112253371752786,0.1527410473472466,0.3308690239790156,0.000133514404296875,0.8857142857142857,True,0.012950897216796875
single,spline,0.5,lstm,persistence,11.175620370505484,9.948222343680863,1.4536183560290858,1.092209362169167,1.9278255910537196,1.9073486328125e-06,1.0,True,0.0002574920654296875
single,spline,0.5,ridge,persistence,10.766780677049237,9.948222343680863,1.032021226376295,0.7078475361750107,1.571544080590885,6.29425048828125e-05,0.9142857142857143,True,0.006420135498046875
single,spline,0.5,lstm,ridge,11.175620370505484,10.766780677049237,0.4389543130478115,0.27048906845041054,0.4626983982346558,1.33514404296875e-05,0.9619047619047619,True,0.001468658447265625
distributed,linear,0.1,lstm,persistence,-0.7616223790565091,-0.9454237718785452,0.2877019555563798,0.22059801357457587,0.8660046637519652,0.0031528472900390625,0.7238095238095238,True,0.25538063049316406
distributed,linear,0.1,ridge,persistence,-0.6510370650571251,-0.9454237718785452,0.40317919609482167,0.28257930604195625,0.8639541123371025,0.0004825592041015625,0.8285714285714286,True,0.04391288757324219
distributed,linear,0.1,lstm,ridge,-0.7616223790565091,-0.6510370650571251,-0.07451485284633019,-0.11010570102381376,0.03014383979736568,0.13272666931152344,-0.3904761904761905,True,1.0
distributed,linear,0.2,lstm,persistence,-1.3445952481377588,-2.0925826857161156,0.7923850369721264,0.5429862974061709,1.415119791129352,0.0001678466796875,0.8761904761904762,True,0.01611328125
distributed,linear,0.2,ridge,persistence,-1.5054480176256047,-2.0925826857161156,0.5763630997756841,0.48805953402654556,1.3883097920328764,0.0002613067626953125,0.8571428571428571,True,0.024562835693359375
distributed,linear,0.2,lstm,ridge,-1.3445952481377588,-1.5054480176256047,0.034422339656225986,-0.07811000658469483,0.16500296837924747,0.5458755493164062,0.1619047619047619,True,1.0
distributed,linear,0.3,lstm,persistence,-2.3246625455912717,-3.9692018630717474,1.7688594711422145,1.1085653043989228,2.2168466104939184,9.5367431640625e-06,0.9714285714285714,True,0.001087188720703125
distributed,linear,0.3,ridge,persistence,-2.2267181304762906,-3.9692018630717474,1.8436519983320632,1.2132506377841084,2.2953716981283603,9.5367431640625e-06,0.9714285714285714,True,0.001087188720703125
distributed,linear,0.3,lstm,ridge,-2.3246625455912717,-2.2267181304762906,-0.07253854853060404,-0.2086478053842238,0.038384558007621014,0.21616744995117188,-0.3238095238095238,True,1.0
distributed,linear,0.4,lstm,persistence,-3.39566188795985,-5.526085528084357,2.7229466247119305,2.1933080805027036,3.332587972012208,1.9073486328125e-06,1.0,True,0.0002574920654296875
distributed,linear,0.4,ridge,persistence,-3.001814853351931,-5.526085528084357,2.9643806759594273,2.412080572301604,3.6908843839490366,1.9073486328125e-06,1.0,True,0.0002574920654296875
distributed,linear,0.4,lstm,ridge,-3.39566188795985,-3.001814853351931,-0.1872832204873165,-0.48437122936453236,-0.07310174207001403,0.009435653686523438,-0.6476190476190476,True,0.6888027191162109
distributed,linear,0.5,lstm,persistence,-3.444415468086298,-8.160896709718768,4.548788942688848,3.285544808361659,5.066577555385963,1.9073486328125e-06,1.0,True,0.0002574920654296875
distributed,linear,0.5,ridge,persistence,-3.309195185487318,-8.160896709718768,4.583361299226535,3.705542029105178,5.346030896345902,1.9073486328125e-06,1.0,True,0.0002574920654296875
distributed,linear,0.5,lstm,ridge,-3.444415468086298,-3.309195185487318,-0.2613325754518334,-0.5680839671819913,-0.1262575487660839,0.009435653686523438,-0.6476190476190476,True,0.6888027191162109
distributed,ffill,0.1,lstm,persistence,-0.6986606315856458,-0.609399455505133,0.160640938764689,0.3168299670135566,1.4908543863780794,0.082550048828125,0.44761904761904764,True,1.0
distributed,ffill,0.1,ridge,persistence,-0.5049702631546804,-0.609399455505133,0.19566382159846296,0.36141501084257505,1.5530371995085979,0.03276824951171875,0.5428571428571428,True,1.0
distributed,ffill,0.1,lstm,ridge,-0.6986606315856458,-0.5049702631546804,-0.024012403506545876,-0.16486217313185242,0.056152612882547345,0.36827659606933594,-0.23809523809523808,True,1.0
distributed,ffill,0.2,lstm,persistence,-0.06442813255735369,-1.621203229500623,1.5001137356996708,0.9867344696688212,2.584238953800719,0.000850677490234375,0.8,True,0.074859619140625
distributed,ffill,0.2,ridge,persistence,0.041679114511811166,-1.621203229500623,1.6062209827688356,1.0972217852933575,2.941398848013558,0.0010166168212890625,0.7904761904761904,False,0.08742904663085938
distributed,ffill,0.2,lstm,ridge,-0.06442813255735369,0.041679114511811166,0.03684435043820877,-0.6113624251813178,0.0893104933467025,0.8123550415039062,-0.06666666666666667,False,1.0
distributed,ffill,0.3,lstm,persistence,0.2196128695481525,-3.3475054921587697,2.0524286104825986,1.6207068180736082,3.8565302742770515,6.29425048828125e-05,0.9142857142857143,False,0.006420135498046875
distributed,ffill,0.3,ridge,persistence,0.49984519899316515,-3.3475054921587697,2.640113216568224,2.057622268940571,4.373788958628051,2.6702880859375e-05,0.9428571428571428,False,0.0028839111328125
distributed,ffill,0.3,lstm,ridge,0.2196128695481525,0.49984519899316515,-0.22737830474069387,-0.8626048484902247,-0.17157715438219473,0.00830841064453125,-0.6571428571428571,True,0.6148223876953125
distributed,ffill,0.4,lstm,persistence,-0.7533820051415729,-4.194838920434041,4.007560569804958,3.155984281138644,5.59314133189435,9.5367431640625e-06,0.9714285714285714,True,0.001087188720703125
distributed,ffill,0.4,ridge,persistence,0.6455594061355763,-4.194838920434041,4.885749687989582,3.730077212065899,6.217169099907008,9.5367431640625e-06,0.9714285714285714,False,0.001087188720703125
distributed,ffill,0.4,lstm,ridge,-0.7533820051415729,0.6455594061355763,-0.4667378686598995,-1.1223119208895067,-0.11498067490401528,0.04405403137207031,-0.5142857142857142,False,1.0
distributed,ffill,0.5,lstm,persistence,-0.9910934931788629,-6.539977245202288,5.796541333562449,4.481550970438442,7.389664030208149,5.7220458984375e-06,0.9809523809523809,True,0.000675201416015625
distributed,ffill,0.5,ridge,persistence,-0.06447881909146247,-6.539977245202288,7.358255212213093,5.518074855062683,8.323524661588243,3.814697265625e-06,0.9904761904761905,True,0.000461578369140625
distributed,ffill,0.5,lstm,ridge,-0.9910934931788629,-0.06447881909146247,-0.6451257014391032,-1.5990616175511339,-0.4909351486505804,0.000850677490234375,-0.8,True,0.074859619140625
distributed,spline,0.1,lstm,persistence,8.940191788287617,8.688764097393715,0.6342602947701277,0.37496896953154835,1.0363844560715174,0.0005855560302734375,0.819047619047619,True,0.05211448669433594
distributed,spline,0.1,ridge,persistence,9.252584273130388,8.688764097393715,0.8180919904656472,0.5615601827998685,1.1320621384956506,3.62396240234375e-05,0.9333333333333333,True,0.003841400146484375
distributed,spline,0.1,lstm,ridge,8.940191788287617,9.252584273130388,-0.036391538023883285,-0.27449414298909064,-0.0003448422644551265,0.1893482208251953,-0.34285714285714286,True,1.0
distributed,spline,0.2,lstm,persistence,9.900007038591507,9.309237142733,0.8207284758231186,0.5866377240474508,1.0081448722472124,5.7220458984375e-06,0.9809523809523809,True,0.000675201416015625
distributed,spline,0.2,ridge,persistence,9.922496506019375,9.309237142733,0.8027115991212099,0.5707924534520109,0.9247282644102999,1.9073486328125e-06,1.0,True,0.0002574920654296875
distributed,spline,0.2,lstm,ridge,9.900007038591507,9.922496506019375,0.05791076510222659,-0.02483148698669186,0.14196839541413214,0.2773551940917969,0.2857142857142857,True,1.0
distributed,spline,0.3,lstm,persistence,9.767294796318515,9.565025041167546,0.4457699229826817,0.30107357716697236,0.7508697655043584,0.000209808349609375,0.8666666666666667,True,0.019931793212890625
distributed,spline,0.3,ridge,persistence,9.893204018060043,9.565025041167546,0.5275001657004186,0.3455003007580048,0.7112566058915402,4.76837158203125e-05,0.9238095238095239,True,0.0049591064453125
distributed,spline,0.3,lstm,ridge,9.767294796318515,9.893204018060043,-0.00794790183560945,-0.1451060393536165,0.11934763711603552,0.9272785186767578,-0.02857142857142857,True,1.0
distributed,spline,0.4,lstm,persistence,10.243656317495091,9.602864811082156,0.592985925587163,0.23025331248082692,0.8073411225105147,0.0031528472900390625,0.7238095238095238,True,0.25538063049316406
distributed,spline,0.4,ridge,persistence,9.958413738698802,9.602864811082156,0.31465607246043437,0.22251908251548916,0.6762960054071001,0.0001049041748046875,0.8952380952380953,True,0.010280609130859375
distributed,spline,0.4,lstm,ridge,10.243656317495091,9.958413738698802,0.053220139599507554,-0.09296178758452527,0.2548488197993051,0.47490501403808594,0.19047619047619047,True,1.0
distributed,spline,0.5,lstm,persistence,10.062482060430938,9.464533811199022,0.4659514663117541,0.1378867661484047,1.0264774712609108,0.023950576782226562,0.5714285714285714,True,1.0
distributed,spline,0.5,ridge,persistence,9.972806377994903,9.464533811199022,0.3611244400503031,0.07474983379177112,0.9407598267604738,0.069580078125,0.4666666666666667,True,1.0
distributed,spline,0.5,lstm,ridge,10.062482060430938,9.972806377994903,0.06105720567214412,-0.10378288747473818,0.2715530442438615,0.4304332733154297,0.20952380952380953,True,1.0
isolated,linear,0.1,lstm,persistence,-0.8515509666465249,-0.9112318359018157,0.1027024706519386,0.014584500114134938,0.18598864052459144,0.029575347900390625,0.5523809523809524,True,1.0
isolated,linear,0.1,ridge,persistence,-0.720454887169969,-0.9112318359018157,0.167723178158391,0.0802897589663428,0.2989540169926011,0.00485992431640625,0.6952380952380952,True,0.3790740966796875
isolated,linear,0.1,lstm,ridge,-0.8515509666465249,-0.720454887169969,-0.1176632967700042,-0.15327340138733783,-0.02259651867921326,0.01923370361328125,-0.5904761904761905,True,1.0
isolated,linear,0.2,lstm,persistence,-1.6897988902374816,-1.7752156996953317,0.05051724973805238,-0.10975683158967608,0.19217402255218016,0.5958194732666016,0.14285714285714285,True,1.0
isolated,linear,0.2,ridge,persistence,-1.5326653449350636,-1.7752156996953317,0.04226774568698022,-0.045506846291184226,0.2617119982584422,0.17685317993164062,0.3523809523809524,True,1.0
isolated,linear,0.2,lstm,ridge,-1.6897988902374816,-1.5326653449350636,-0.017750826235968242,-0.16226339396215655,0.030916044832673337,0.2305126190185547,-0.3142857142857143,True,1.0
isolated,linear,0.3,lstm,persistence,-2.4729084133720214,-2.73056002439529,0.03594943213778845,-0.21868223307646698,0.34164433366746433,0.5958194732666016,0.14285714285714285,True,1.0
isolated,linear,0.3,ridge,persistence,-2.5960316536258246,-2.73056002439529,0.024211534500157006,-0.2017572850135518,0.3641685253164754,0.7841262817382812,0.0761904761904762,True,1.0
isolated,linear,0.3,lstm,ridge,-2.4729084133720214,-2.5960316536258246,-0.07056458980282398,-0.10199472271484518,0.09778681532736991,0.6742229461669922,-0.11428571428571428,True,1.0
isolated,linear,0.4,lstm,persistence,-3.5076300301627503,-3.804508663682038,0.507673141611964,-0.05244085685833125,0.7135461076171156,0.04844093322753906,0.5047619047619047,True,1.0
isolated,linear,0.4,ridge,persistence,-3.29864642726192,-3.804508663682038,0.6106993551044437,-0.07505743282938399,0.7329079253890624,0.04405403137207031,0.5142857142857142,True,1.0
isolated,linear,0.4,lstm,ridge,-3.5076300301627503,-3.29864642726192,0.09256051922768038,-0.22117206429591327,0.1940258106322421,0.6742229461669922,0.11428571428571428,True,1.0
isolated,linear,0.5,lstm,persistence,-5.128612389969211,-5.0262143202928655,-0.11546753362132733,-0.961252533616435,0.6335636491863693,0.8694877624511719,-0.047619047619047616,True,1.0
isolated,linear,0.5,ridge,persistence,-5.351978334826619,-5.0262143202928655,-0.11602687962112856,-0.9243826870293861,0.6631471274950324,0.8123550415039062,-0.06666666666666667,True,1.0
isolated,linear,0.5,lstm,ridge,-5.128612389969211,-5.351978334826619,-0.010267520021628673,-0.4283052777963791,0.36901144156682414,0.8408222198486328,-0.05714285714285714,True,1.0
isolated,ffill,0.1,lstm,persistence,-0.09074574207589836,0.05749065176070545,-0.04150646059735141,-0.13452470211581483,0.05843262276201423,0.4523754119873047,-0.2,False,1.0
isolated,ffill,0.1,ridge,persistence,-0.006692993654222601,0.05749065176070545,0.0005518622941957929,-0.11604612385344065,0.10029755819318124,0.7561664581298828,-0.08571428571428572,False,1.0
isolated,ffill,0.1,lstm,ridge,-0.09074574207589836,-0.006692993654222601,-0.058249000962146136,-0.09879093891303267,0.05266251578905608,0.1230926513671875,-0.4,True,1.0
isolated,ffill,0.2,lstm,persistence,-0.03904535936102849,0.1379611704750372,-0.1673092124614861,-0.32925212179337865,0.0784073290495602,0.1893482208251953,-0.34285714285714286,False,1.0
isolated,ffill,0.2,ridge,persistence,0.04207566119548978,0.1379611704750372,-0.07246245152275899,-0.23442214321995494,0.1253321195497534,0.5216732025146484,-0.17142857142857143,True,1.0
isolated,ffill,0.2,lstm,ridge,-0.03904535936102849,0.04207566119548978,-0.152720530620859,-0.17027025681086833,0.032690082902408914,0.24548721313476562,-0.3047619047619048,False,1.0
isolated,ffill,0.3,lstm,persistence,0.0169185684951223,0.26490325539056947,-0.07442309656005008,-0.4635308680548517,0.18545347563969777,0.49800872802734375,-0.18095238095238095,True,1.0
isolated,ffill,0.3,ridge,persistence,-0.07656761347992203,0.26490325539056947,-0.16210547588163537,-0.4285767771836601,0.22220190844045026,0.5216732025146484,-0.17142857142857143,False,1.0
isolated,ffill,0.3,lstm,ridge,0.0169185684951223,-0.07656761347992203,-0.12301793892622315,-0.16743590087490964,0.09892418467524618,0.7011814117431641,-0.10476190476190476,False,1.0
isolated,ffill,0.4,lstm,persistence,0.22206109567369237,-0.10873171991046537,0.09803447316591996,-0.4396527104784291,0.4578211723029313,0.47490501403808594,0.19047619047619047,False,1.0
isolated,ffill,0.4,ridge,persistence,0.03238420744278714,-0.10873171991046537,0.46775508544353306,-0.5256063145769052,0.454047995291127,0.38837623596191406,0.22857142857142856,False,1.0
isolated,ffill,0.4,lstm,ridge,0.22206109567369237,0.03238420744278714,0.13693157583816729,-0.17452036294387702,0.2245504696763278,0.7561664581298828,0.08571428571428572,True,1.0
isolated,ffill,0.5,lstm,persistence,-0.5959354007302631,-0.18521958674533323,-0.408760151712545,-1.2797598559893202,0.3186966855761341,0.4304332733154297,-0.20952380952380953,True,1.0
isolated,ffill,0.5,ridge,persistence,-0.9720000680826624,-0.18521958674533323,-0.40708299119081026,-1.3265691531351964,0.36986814730268786,0.21616744995117188,-0.3238095238095238,True,1.0
isolated,ffill,0.5,lstm,ridge,-0.5959354007302631,-0.9720000680826624,0.23329286708462793,-0.4551505654427862,0.41129490813261754,0.7561664581298828,0.08571428571428572,True,1.0
isolated,spline,0.1,lstm,persistence,1.0715779388197344,0.9110796247328579,0.1599774525492592,0.050491507771998664,0.25893750200821924,0.012079238891601562,0.6285714285714286,True,0.8576259613037109
isolated,spline,0.1,ridge,persistence,1.1180373950891942,0.9110796247328579,0.14387147906026465,0.048615038062126165,0.3060334610444485,0.029575347900390625,0.5523809523809524,True,1.0
isolated,spline,0.1,lstm,ridge,1.0715779388197344,1.1180373950891942,0.017392209664801594,-0.09727912992424077,0.05860466258595486,0.8123550415039062,-0.06666666666666667,True,1.0
isolated,spline,0.2,lstm,persistence,2.019360093992917,1.8519501243957293,0.2819416677419029,0.06933192868491203,0.40707083736595184,0.021484375,0.580952380952381,True,1.0
isolated,spline,0.2,ridge,persistence,2.048542408493448,1.8519501243957293,0.3069611636042302,0.10680943846869032,0.43818147198579604,0.00485992431640625,0.6952380952380952,True,0.3790740966796875
isolated,spline,0.2,lstm,ridge,2.019360093992917,2.048542408493448,-0.06747742075073337,-0.13504124400419837,0.06571051542282258,0.5958194732666016,-0.14285714285714285,True,1.0
isolated,spline,0.3,lstm,persistence,2.95952955421126,2.9163555947852746,0.28226894383963663,0.026056856145871592,0.6042882652482422,0.03623390197753906,0.5333333333333333,True,1.0
isolated,spline,0.3,ridge,persistence,3.1342570594966257,2.9163555947852746,0.1547511309603511,-0.05328089616044319,0.5996302833254133,0.14290618896484375,0.38095238095238093,True,1.0
isolated,spline,0.3,lstm,ridge,2.95952955421126,3.1342570594966257,0.05400394000659725,-0.10808381828521381,0.19436414052459375,0.8408222198486328,0.05714285714285714,True,1.0
isolated,spline,0.4,lstm,persistence,4.36034100170129,3.8495690916130307,0.6041062630257776,0.1355505733667967,0.9842712729981247,0.00485992431640625,0.6952380952380952,True,0.3790740966796875
isolated,spline,0.4,ridge,persistence,4.217406539321594,3.8495690916130307,0.467077781946601,-0.009117558530199396,0.9677623313669987,0.029575347900390625,0.5523809523809524,True,1.0
isolated,spline,0.4,lstm,ridge,4.36034100170129,4.217406539321594,0.15155908944096153,-0.13633657564125304,0.25779208756833744,0.47490501403808594,0.19047619047619047,True,1.0
isolated,spline,0.5,lstm,persistence,5.30911014762302,5.092420945613219,0.11088378283339884,-0.8282352854349446,0.8652472561758204,0.7561664581298828,0.08571428571428572,True,1.0
isolated,spline,0.5,ridge,persistence,5.096266865900834,5.092420945613219,0.29524332144779697,-0.6007475690336972,0.9598217799266231,0.49800872802734375,0.18095238095238095,True,1.0
isolated,spline,0.5,lstm,ridge,5.30911014762302,5.096266865900834,-0.21309586257074464,-0.5933476041191265,0.30869829294048073,0.24548721313476562,-0.3047619047619048,True,1.0
