geom,method,frac,n,baseline_cov,mean_cov,median_diff_pp,mean_diff_pp,ci_lo_pp,ci_hi_pp,wilcoxon_p,rank_biserial,n_positive,n_negative,holm_p
single,linear,0.1,20,90.2299633814186,89.15475609827986,-1.1133520219249293,-1.0752072831387272,-1.1614534114985235,-0.9792574494432017,1.9073486328125e-06,-1.0,0,20,0.00011444091796875
single,linear,0.2,20,90.2299633814186,87.87824960856037,-2.362817658149435,-2.3517137728582176,-2.532165463950635,-2.1792433571695367,1.9073486328125e-06,-1.0,0,20,0.00011444091796875
single,linear,0.3,20,90.2299633814186,85.91801304562641,-4.337871088979211,-4.311950335792197,-4.510953650904243,-4.0822554111289815,1.9073486328125e-06,-1.0,0,20,0.00011444091796875
single,linear,0.4,20,90.2299633814186,83.31900628541797,-6.83406938588767,-6.9109570960006295,-7.138534814654974,-6.681040322376283,1.9073486328125e-06,-1.0,0,20,0.00011444091796875
single,linear,0.5,20,90.2299633814186,79.91994654550848,-10.18538497475865,-10.310016835910114,-10.66120461431573,-9.94104529674713,1.9073486328125e-06,-1.0,0,20,0.00011444091796875
single,ffill,0.1,20,90.2299633814186,89.22794944672268,-1.1283919476516968,-1.0020139346959087,-1.130019095912658,-0.8552084137289354,1.9073486328125e-06,-1.0,0,20,0.00011444091796875
single,ffill,0.2,20,90.2299633814186,87.92912957021575,-2.291191988633301,-2.3008338112028603,-2.490515757395031,-2.1178145665525507,1.9073486328125e-06,-1.0,0,20,0.00011444091796875
single,ffill,0.3,20,90.2299633814186,85.88439020948528,-4.550378869683325,-4.345573171933318,-4.565585908879118,-4.10160977043617,1.9073486328125e-06,-1.0,0,20,0.00011444091796875
single,ffill,0.4,20,90.2299633814186,83.29183549205644,-6.954379415162326,-6.9381278893621685,-7.174848268874757,-6.694589071299379,1.9073486328125e-06,-1.0,0,20,0.00011444091796875
single,ffill,0.5,20,90.2299633814186,79.96490093004421,-10.43648887866343,-10.265062451374384,-10.677238791734354,-9.814426515487115,1.9073486328125e-06,-1.0,0,20,0.00011444091796875
single,spline,0.1,20,90.2299633814186,98.45285310365936,8.817268898161629,8.222889722240748,7.666696552135923,8.728326231610826,1.9073486328125e-06,1.0,20,0,0.00011444091796875
single,spline,0.2,20,90.2299633814186,99.18894877101758,9.734261003240817,8.958985389598976,8.111192380062493,9.543235255729781,1.9073486328125e-06,1.0,20,0,0.00011444091796875
single,spline,0.3,20,90.2299633814186,98.7945392009377,9.755726372445173,8.564575819519089,7.29120442099743,9.566624915348124,1.9073486328125e-06,1.0,20,0,0.00011444091796875
single,spline,0.4,20,90.2299633814186,99.3283242266138,9.741416126308932,9.098360845195206,8.483171439511809,9.603272933761243,1.9073486328125e-06,1.0,20,0,0.00011444091796875
single,spline,0.5,20,90.2299633814186,99.65646778739759,9.7700366185814,9.426504405978982,9.083654909656905,9.697037102220047,1.9073486328125e-06,1.0,20,0,0.00011444091796875
single,none,0.1,20,90.2299633814186,90.21500806866648,0.0139786991856794,-0.014955312752125693,-0.10440570623606545,0.07301693077646818,1.0,0.0,10,10,1.0
single,none,0.2,20,90.2299633814186,90.18706619396909,-0.06253658388164496,-0.042897187449517094,-0.16326987845963228,0.06568893355224452,0.38837623596191406,-0.22857142857142856,7,13,1.0
single,none,0.3,20,90.2299633814186,90.12176781534859,-0.1926160610482841,-0.10819556607002734,-0.2284144130750275,0.026251628702469186,0.11398696899414062,-0.4095238095238095,5,15,1.0
single,none,0.4,20,90.2299633814186,90.15014280562828,-0.11404133840257069,-0.07982057579032864,-0.2662560214637274,0.10449958937603747,0.2942523956298828,-0.2761904761904762,6,14,1.0
single,none,0.5,20,90.2299633814186,90.07465083850212,-0.21398025025110567,-0.15531254291649588,-0.39054135913949994,0.08984706832582362,0.2773551940917969,-0.2857142857142857,6,14,1.0
distributed,linear,0.1,20,90.2299633814186,89.48677321531122,-0.8897742692533184,-0.7431901661073935,-0.8880486336418297,-0.5893049970201738,1.9073486328125e-06,-1.0,0,20,0.00011444091796875
distributed,linear,0.2,20,90.2299633814186,88.54511392781284,-1.8572346452768895,-1.6848494536057632,-1.9035736757026283,-1.4505741235595953,1.9073486328125e-06,-1.0,0,20,0.00011444091796875
distributed,linear,0.3,20,90.2299633814186,86.73362811564095,-3.5648408154081155,-3.4963352657776334,-3.886284192955791,-3.101611425194989,1.9073486328125e-06,-1.0,0,20,0.00011444091796875
distributed,linear,0.4,20,90.2299633814186,84.90907540722425,-5.3012829193811335,-5.320887974194346,-5.8345193527357075,-4.774333513010354,1.9073486328125e-06,-1.0,0,20,0.00011444091796875
distributed,linear,0.5,20,90.2299633814186,82.28364842906176,-7.965411136590294,-7.946314952356843,-8.554939103735359,-7.3110515704454855,1.9073486328125e-06,-1.0,0,20,0.00011444091796875
distributed,ffill,0.1,20,90.2299633814186,89.92220571512239,-0.43045051215290786,-0.3077576662961806,-0.6048002496847493,0.014102322424066541,0.04405403137207031,-0.5142857142857142,6,14,0.7929725646972656
distributed,ffill,0.2,20,90.2299633814186,89.1842993832601,-1.3693716828243496,-1.0456639981585085,-1.429955188687269,-0.6354386199838312,0.000209808349609375,-0.8666666666666667,3,17,0.00461578369140625
distributed,ffill,0.3,20,90.2299633814186,87.75042373038693,-3.128116502023115,-2.4795396510316903,-3.077130147813347,-1.8552532114013398,9.5367431640625e-06,-0.9714285714285714,1,19,0.0002193450927734375
distributed,ffill,0.4,20,90.2299633814186,86.07110835431936,-4.569213053044452,-4.158855027099238,-4.803790642521392,-3.4824082858290333,1.9073486328125e-06,-1.0,0,20,0.00011444091796875
distributed,ffill,0.5,20,90.2299633814186,84.00148911399555,-6.365297370137164,-6.2284742674230404,-7.065083694748672,-5.325506035119304,1.9073486328125e-06,-1.0,0,20,0.00011444091796875
distributed,spline,0.1,20,90.2299633814186,98.80685300003336,8.918059141478622,8.57688961861475,8.17575496414588,8.91510229640652,1.9073486328125e-06,1.0,20,0,0.00011444091796875
distributed,spline,0.2,20,90.2299633814186,99.81465272213596,9.691330264832114,9.584689340717356,9.447966569556685,9.693476801752553,1.9073486328125e-06,1.0,20,0,0.00011444091796875
distributed,spline,0.3,20,90.2299633814186,99.99212936462507,9.7700366185814,9.762165983206472,9.755708484637497,9.767174569354156,1.9073486328125e-06,1.0,20,0,0.00011444091796875
distributed,spline,0.4,20,90.2299633814186,99.99642243846594,9.7700366185814,9.766459057047342,9.760019446286037,9.7700366185814,1.9073486328125e-06,1.0,20,0,0.00011444091796875
distributed,spline,0.5,20,90.2299633814186,99.9992844876932,9.7700366185814,9.769321106274589,9.767890081660966,9.7700366185814,1.9073486328125e-06,1.0,20,0,0.00011444091796875
distributed,none,0.1,20,90.2299633814186,90.36154580339515,0.08527138265534417,0.13158242197653214,0.02031425402624757,0.24680491740001997,0.04844093322753906,0.5047619047619047,15,5,0.8234958648681641
distributed,none,0.2,20,90.2299633814186,90.50415518255923,0.37099475763864853,0.2741918011406163,0.1254382648096654,0.41925514047032425,0.0031528472900390625,0.7238095238095238,16,4,0.06620979309082031
distributed,none,0.3,20,90.2299633814186,90.54425324377254,0.19818009756106814,0.3142898623539503,0.05955018316125298,0.5580068459249893,0.01068878173828125,0.638095238095238,14,6,0.213775634765625
distributed,none,0.4,20,90.2299633814186,90.45702189242351,0.16717180749924454,0.22705851100490948,-0.05156910788771359,0.5173472298456618,0.1230926513671875,0.4,13,7,1.0
distributed,none,0.5,20,90.2299633814186,90.50248265177218,0.30550280738237956,0.2725192703535778,-0.08445364484204851,0.6233960870942467,0.13272666931152344,0.3904761904761905,14,6,1.0
isolated,linear,0.1,20,90.2299633814186,89.40319296883713,-0.8105087422890456,-0.8267704125814728,-0.9344610672129202,-0.7195394864578795,1.9073486328125e-06,-1.0,0,20,0.00011444091796875
isolated,linear,0.2,20,90.2299633814186,88.6790075964495,-1.538033257026633,-1.5509557849690996,-1.6900285569048383,-1.4111997817554416,1.9073486328125e-06,-1.0,0,20,0.00011444091796875
isolated,linear,0.3,20,90.2299633814186,87.75221621148094,-2.407540324631263,-2.477747169937637,-2.7335957728440983,-2.230834457685095,1.9073486328125e-06,-1.0,0,20,0.00011444091796875
isolated,linear,0.4,20,90.2299633814186,86.70046049802538,-3.6127785502043483,-3.529502883393218,-3.8225181297599082,-3.2418130307722457,1.9073486328125e-06,-1.0,0,20,0.00011444091796875
isolated,linear,0.5,20,90.2299633814186,85.53652051236294,-4.5931741806540245,-4.693442869055655,-5.024022449749868,-4.377587067356045,1.9073486328125e-06,-1.0,0,20,0.00011444091796875
isolated,ffill,0.1,20,90.2299633814186,90.32406881840573,0.15851331572711014,0.0941054369871347,-0.07444886683623456,0.2570430789411277,0.26109886169433594,0.29523809523809524,12,8,1.0
isolated,ffill,0.2,20,90.2299633814186,90.48605773935694,0.39053756080815183,0.2560943579383501,0.014122398019065398,0.4949124216049122,0.069580078125,0.4666666666666667,14,6,1.0
isolated,ffill,0.3,20,90.2299633814186,90.49450430162904,0.3841431176669796,0.264540920210431,-0.00237926768684865,0.5220751169455816,0.069580078125,0.4666666666666667,13,7,1.0
isolated,ffill,0.4,20,90.2299633814186,90.5003869922239,0.3352217818032688,0.27042361080530153,-0.02108929962174664,0.5660955390837882,0.13272666931152344,0.3904761904761905,12,8,1.0
isolated,ffill,0.5,20,90.2299633814186,90.41933134316918,0.16849476298179122,0.1893679617505878,-0.10128789258664102,0.49105827415226466,0.38837623596191406,0.22857142857142856,11,9,1.0
isolated,spline,0.1,20,90.2299633814186,91.20173720747802,1.1118475034012865,0.9717738260594324,0.7873091288105352,1.147573339669864,1.9073486328125e-06,1.0,20,0,0.00011444091796875
isolated,spline,0.2,20,90.2299633814186,92.24072922666171,2.0324679952912206,2.010765845243127,1.8311481768885756,2.194323281668244,1.9073486328125e-06,1.0,20,0,0.00011444091796875
isolated,spline,0.3,20,90.2299633814186,93.2733255195557,3.0072576453238464,3.0433621381370997,2.7883219216005246,3.309170503194319,1.9073486328125e-06,1.0,20,0,0.00011444091796875
isolated,spline,0.4,20,90.2299633814186,94.53678358260615,4.389387999395572,4.306820201187551,3.99647088962757,4.588761205170252,1.9073486328125e-06,1.0,20,0,0.00011444091796875
isolated,spline,0.5,20,90.2299633814186,95.60480343426585,5.475204816532514,5.374840052847235,4.966457649045397,5.772427124911392,1.9073486328125e-06,1.0,20,0,0.00011444091796875
isolated,none,0.1,20,90.2299633814186,90.33436823648267,0.11474849241631113,0.1044048550640908,-0.04910563990205534,0.2610855612585133,0.2773551940917969,0.2857142857142857,12,8,1.0
isolated,none,0.2,20,90.2299633814186,90.37398391386263,0.18634637212565086,0.1440205324440269,-0.04286887299147282,0.3275862862538654,0.15364646911621094,0.37142857142857144,13,7,1.0
isolated,none,0.3,20,90.2299633814186,90.42953940891728,0.2536208837329301,0.19957602749868963,-0.030579056934538107,0.4324192776480276,0.13272666931152344,0.3904761904761905,12,8,1.0
isolated,none,0.4,20,90.2299633814186,90.58411060213206,0.39402813858717134,0.35414722071343385,0.07175974862335553,0.636627056120098,0.029575347900390625,0.5523809523809524,13,7,0.5619316101074219
isolated,none,0.5,20,90.2299633814186,90.5441306048428,0.4176221795741619,0.31416722342421877,0.01766971452029853,0.607297327997822,0.069580078125,0.4666666666666667,13,7,1.0
