geom,method,horizon_h,n,mean_fill,mean_gapaware,median_diff_pp,mean_diff_pp,ci_lo_pp,ci_hi_pp,wilcoxon_p,rank_biserial,holm_p
single,linear,6,20,80.67830566685747,90.86720091585576,-10.274756725815692,-10.18889524899829,-10.329135661133375,-10.028620492272477,1.9073486328125e-06,-1.0,6.866455078125e-05
single,linear,12,20,80.16082711085582,90.95060310166569,-10.740953475014352,-10.789775990809881,-11.099942561746127,-10.479609419873636,1.9073486328125e-06,-1.0,6.866455078125e-05
single,linear,24,20,78.61191440138808,87.92654713707347,-9.311740890688258,-9.314632735685366,-9.965370156159631,-8.692886061307115,1.9073486328125e-06,-1.0,6.866455078125e-05
single,linear,48,20,80.22873900293256,90.55425219941348,-9.912023460410563,-10.32551319648094,-11.12023460410557,-9.530791788856307,1.9073486328125e-06,-1.0,6.866455078125e-05
single,ffill,6,20,80.66685746994848,90.86720091585576,-10.274756725815692,-10.200343445907277,-10.349170005724103,-10.028620492272475,1.9073486328125e-06,-1.0,6.866455078125e-05
single,ffill,12,20,80.27857553130383,90.95060310166569,-10.683515221137268,-10.672027570361864,-11.013785180930503,-10.321654221711663,1.9073486328125e-06,-1.0,6.866455078125e-05
single,ffill,24,20,78.59745517640255,87.92654713707347,-9.311740890688258,-9.329091960670906,-9.959514170040485,-8.736263736263734,1.9073486328125e-06,-1.0,6.866455078125e-05
single,ffill,48,20,80.31671554252199,90.55425219941348,-9.589442815249267,-10.237536656891502,-11.096847507331386,-9.381231671554254,1.9073486328125e-06,-1.0,6.866455078125e-05
single,spline,6,20,98.72638809387523,90.86720091585576,8.900973096737257,7.859187178019456,6.622781911848882,8.878076702919282,3.814697265625e-06,1.0,6.866455078125e-05
single,spline,12,20,99.89948305571511,90.95060310166569,9.190120620333142,8.948879954049398,8.69040781160253,9.187248707639286,1.9073486328125e-06,1.0,6.866455078125e-05
single,spline,24,20,100.0,87.92654713707347,12.579525737420479,12.073452862926548,11.578947368421055,12.498554077501447,1.9073486328125e-06,1.0,6.866455078125e-05
single,spline,48,20,100.0,90.55425219941348,9.266862170087965,9.445747800586508,9.24340175953079,9.636363636363633,1.9073486328125e-06,1.0,6.866455078125e-05
distributed,linear,6,20,81.55123068116772,91.32226674298798,-9.759587864911278,-9.771036061820263,-10.07155123068117,-9.513451631368062,1.9073486328125e-06,-1.0,6.866455078125e-05
distributed,linear,12,20,81.64847788627225,91.07696726019529,-9.276278001148757,-9.428489373923032,-10.117748420448017,-8.724870763928774,1.9073486328125e-06,-1.0,6.866455078125e-05
distributed,linear,24,20,81.50086755349912,89.11509543088488,-7.952573742047436,-7.614227877385775,-8.146327356853678,-7.058993637941009,1.9073486328125e-06,-1.0,6.866455078125e-05
distributed,linear,48,20,84.43401759530792,90.49560117302053,-6.334310850439883,-6.061583577712609,-6.979472140762463,-5.131964809384165,1.9073486328125e-06,-1.0,6.866455078125e-05
distributed,ffill,6,20,82.15512306811677,91.32226674298798,-9.330280480824277,-9.167143674871209,-9.447624499141389,-8.869490555237553,1.9073486328125e-06,-1.0,6.866455078125e-05
distributed,ffill,12,20,83.06720275703618,91.07696726019529,-7.840321654221711,-8.009764503159104,-8.842619184376794,-7.214244686961517,1.9073486328125e-06,-1.0,6.866455078125e-05
distributed,ffill,24,20,83.49624060150376,89.11509543088488,-5.841526894158482,-5.618854829381149,-6.440138808559865,-4.759976865240029,1.9073486328125e-06,-1.0,6.866455078125e-05
distributed,ffill,48,20,87.28739002932551,90.49560117302053,-4.076246334310857,-3.2082111436950145,-4.445821114369503,-1.9149560117302074,0.000335693359375,-0.8631578947368421,0.001678466796875
distributed,spline,6,20,99.99713795077275,91.32226674298798,9.187178019461939,8.674871207784772,8.145320549513448,9.181525472238123,1.9073486328125e-06,1.0,6.866455078125e-05
distributed,spline,12,20,100.0,91.07696726019529,9.046524985640437,8.92303273980471,8.575531303848361,9.270534175761057,1.9073486328125e-06,1.0,6.866455078125e-05
distributed,spline,24,20,100.0,89.11509543088488,10.381723539618275,10.884904569115093,10.18218623481781,11.599262579525737,1.9073486328125e-06,1.0,6.866455078125e-05
distributed,spline,48,20,100.0,90.49560117302053,9.208211143695012,9.504398826979472,9.046920821114371,9.979545454545455,1.9073486328125e-06,1.0,6.866455078125e-05
isolated,linear,6,20,85.66113337149399,91.41957641671435,-5.3806525472238125,-5.75844304522038,-6.3480251860331975,-5.208929593589015,1.9073486328125e-06,-1.0,6.866455078125e-05
isolated,linear,12,20,86.68294083859853,91.48190695002872,-4.796094198736361,-4.798966111430215,-5.381964388282599,-4.221711659965542,1.9073486328125e-06,-1.0,6.866455078125e-05
isolated,linear,24,20,84.48235974551766,88.7941006362059,-4.193175245806824,-4.311740890688258,-4.976865240023132,-3.6320850202429127,1.9073486328125e-06,-1.0,6.866455078125e-05
isolated,linear,48,20,85.31964809384164,90.48093841642229,-5.307917888563058,-5.161290322580648,-5.665689149560118,-4.642155425219942,1.9073486328125e-06,-1.0,6.866455078125e-05
isolated,ffill,6,20,90.7355466514024,91.41957641671435,-0.5437893531768823,-0.6840297653119631,-1.1791642816256434,-0.1831711505437899,0.020412445068359375,-0.6052631578947368,0.0816497802734375
isolated,ffill,12,20,91.34692705341759,91.48190695002872,-0.20103388856978488,-0.13497989661114207,-0.5370476737507162,0.28144744399769944,0.4873809814453125,-0.20261437908496732,1.0
isolated,ffill,24,20,88.99074609600926,88.7941006362059,-0.20242914979757276,0.19664545980335568,-0.5783689994216289,1.0294968189705067,0.8287849426269531,0.06315789473684211,1.0
isolated,ffill,48,20,90.60410557184753,90.48093841642229,-0.058651026392969596,0.12316715542521783,-0.41935483870968027,0.6892228739002919,0.7987060546875,0.07602339181286549,1.0
isolated,spline,6,20,95.77847738981113,91.41957641671435,4.579278763594741,4.358900973096734,3.734974241556949,4.934172867773319,1.9073486328125e-06,1.0,6.866455078125e-05
isolated,spline,12,20,95.99655370476738,91.48190695002872,4.422745548535323,4.514646754738657,3.81677197013211,5.215393452039059,1.9073486328125e-06,1.0,6.866455078125e-05
isolated,spline,24,20,94.86119144013882,88.7941006362059,5.87044534412956,6.067090803932912,5.187969924812036,6.983805668016198,1.9073486328125e-06,1.0,6.866455078125e-05
isolated,spline,48,20,95.78299120234603,90.48093841642229,5.102639296187678,5.302052785923747,4.724340175953072,5.871041055718469,1.9073486328125e-06,1.0,6.866455078125e-05
