geom,method,frac,n,mean_fill,mean_gapaware,median_diff_pp,mean_diff_pp,ci_lo_pp,ci_hi_pp,wilcoxon_p,rank_biserial,n_positive,n_negative,holm_p
single,linear,0.1,20,89.15475609827986,90.21500806866648,-1.092111661269829,-1.0602519703866014,-1.1277560655170373,-0.99106719521405,1.9073486328125e-06,-1.0,0,20,8.58306884765625e-05
single,linear,0.2,20,87.87824960856037,90.18706619396909,-2.30555678753292,-2.3088165854087004,-2.4303040061492807,-2.1856027605710597,1.9073486328125e-06,-1.0,0,20,8.58306884765625e-05
single,linear,0.3,20,85.91801304562641,90.12176781534859,-4.319978668923707,-4.2037547697221695,-4.402990610316392,-3.9832097843983094,1.9073486328125e-06,-1.0,0,20,8.58306884765625e-05
single,linear,0.4,20,83.31900628541797,90.15014280562828,-6.747691819707424,-6.8311365202103005,-7.043804007225245,-6.631249170926608,1.9073486328125e-06,-1.0,0,20,8.58306884765625e-05
single,linear,0.5,20,79.91994654550848,90.07465083850212,-9.958944659271573,-10.154704292993618,-10.548159289933935,-9.771291620130208,1.9073486328125e-06,-1.0,0,20,8.58306884765625e-05
single,ffill,0.1,20,89.22794944672268,90.21500806866648,-1.0483332359580544,-0.9870586219437832,-1.084205560794599,-0.8853380213486849,1.9073486328125e-06,-1.0,0,20,8.58306884765625e-05
single,ffill,0.2,20,87.92912957021575,90.18706619396909,-2.328481414738964,-2.2579366237533436,-2.402467055613572,-2.1111794397274197,1.9073486328125e-06,-1.0,0,20,8.58306884765625e-05
single,ffill,0.3,20,85.88439020948528,90.12176781534859,-4.305315912325469,-4.23737760586329,-4.449436498431509,-3.9954420698684556,1.9073486328125e-06,-1.0,0,20,8.58306884765625e-05
single,ffill,0.4,20,83.29183549205644,90.15014280562828,-6.73277831845353,-6.858307313571838,-7.0962583986224725,-6.628631095413261,1.9073486328125e-06,-1.0,0,20,8.58306884765625e-05
single,ffill,0.5,20,79.96490093004421,90.07465083850212,-10.051370058755506,-10.109749908457886,-10.53550498696995,-9.69851346431089,1.9073486328125e-06,-1.0,0,20,8.58306884765625e-05
single,spline,0.1,20,98.45285310365936,90.21500806866648,8.716756162456901,8.237845034992874,7.702217347114696,8.72862639812429,1.9073486328125e-06,1.0,20,0,8.58306884765625e-05
single,spline,0.2,20,99.18894877101758,90.18706619396909,9.518968854172705,9.001882577048493,8.158949900344181,9.600686284558742,1.9073486328125e-06,1.0,20,0,8.58306884765625e-05
single,spline,0.3,20,98.7945392009377,90.12176781534859,9.80454280435264,8.672771385589119,7.414890159767087,9.657049261284147,1.9073486328125e-06,1.0,20,0,8.58306884765625e-05
single,spline,0.4,20,99.3283242266138,90.15014280562828,9.732868352718599,9.178181420985535,8.634475550949006,9.642887738794855,1.9073486328125e-06,1.0,20,0,8.58306884765625e-05
single,spline,0.5,20,99.65646778739759,90.07465083850212,9.948222343680863,9.581816948895478,9.151409335219018,9.97841351586373,1.9073486328125e-06,1.0,20,0,8.58306884765625e-05
distributed,linear,0.1,20,89.48677321531122,90.36154580339515,-0.9454237718785452,-0.8747725880839259,-1.0063385830539815,-0.73560781005904,1.9073486328125e-06,-1.0,0,20,8.58306884765625e-05
distributed,linear,0.2,20,88.54511392781284,90.50415518255923,-2.0925826857161156,-1.9590412547463796,-2.2057474853626977,-1.6909963902788325,1.9073486328125e-06,-1.0,0,20,8.58306884765625e-05
distributed,linear,0.3,20,86.73362811564095,90.54425324377254,-3.9692018630717474,-3.8106251281315835,-4.149074712029364,-3.439214055936195,1.9073486328125e-06,-1.0,0,20,8.58306884765625e-05
distributed,linear,0.4,20,84.90907540722425,90.45702189242351,-5.526085528084357,-5.5479464851992555,-5.9573041637680735,-5.129321051479926,1.9073486328125e-06,-1.0,0,20,8.58306884765625e-05
distributed,linear,0.5,20,82.28364842906176,90.50248265177218,-8.160896709718768,-8.21883422271042,-8.636083357859956,-7.8026801989878045,1.9073486328125e-06,-1.0,0,20,8.58306884765625e-05
distributed,ffill,0.1,20,89.92220571512239,90.36154580339515,-0.609399455505133,-0.43934008827271276,-0.743987700356755,-0.09748705833356452,0.017181396484375,-0.6,5,15,0.10308837890625
distributed,ffill,0.2,20,89.1842993832601,90.50415518255923,-1.621203229500623,-1.319855799299125,-1.7091157491900577,-0.8760404187542796,8.20159912109375e-05,-0.9047619047619048,2,18,0.0005741119384765625
distributed,ffill,0.3,20,87.75042373038693,90.54425324377254,-3.3475054921587697,-2.7938295133856412,-3.3566961378243536,-2.1731057109515906,3.814697265625e-06,-0.9904761904761905,1,19,8.58306884765625e-05
distributed,ffill,0.4,20,86.07110835431936,90.45702189242351,-4.194838920434041,-4.385913538104148,-4.940535061983861,-3.8469431103342613,1.9073486328125e-06,-1.0,0,20,8.58306884765625e-05
distributed,ffill,0.5,20,84.00148911399555,90.50248265177218,-6.539977245202288,-6.500993537776618,-7.182925075873764,-5.797349906173287,1.9073486328125e-06,-1.0,0,20,8.58306884765625e-05
distributed,spline,0.1,20,98.80685300003336,90.36154580339515,8.688764097393715,8.445307196638216,8.055112435740424,8.778141109920131,1.9073486328125e-06,1.0,20,0,8.58306884765625e-05
distributed,spline,0.2,20,99.81465272213596,90.50415518255923,9.309237142733,9.310497539576739,9.102775641054478,9.512100038865407,1.9073486328125e-06,1.0,20,0,8.58306884765625e-05
distributed,spline,0.3,20,99.99212936462507,90.54425324377254,9.565025041167546,9.447876120852523,9.206875811050757,9.697744433998515,1.9073486328125e-06,1.0,20,0,8.58306884765625e-05
distributed,spline,0.4,20,99.99642243846594,90.45702189242351,9.602864811082156,9.539400546042435,9.257230801408628,9.820420652898727,1.9073486328125e-06,1.0,20,0,8.58306884765625e-05
distributed,spline,0.5,20,99.9992844876932,90.50248265177218,9.464533811199022,9.496801835921012,9.145631062638842,9.8467684091573,1.9073486328125e-06,1.0,20,0,8.58306884765625e-05
isolated,linear,0.1,20,89.40319296883713,90.33436823648267,-0.9112318359018157,-0.9311752676455637,-1.0318824433445097,-0.8278512851591185,1.9073486328125e-06,-1.0,0,20,8.58306884765625e-05
isolated,linear,0.2,20,88.6790075964495,90.37398391386263,-1.7752156996953317,-1.6949763174131267,-1.8445192469129787,-1.5424359137711592,1.9073486328125e-06,-1.0,0,20,8.58306884765625e-05
isolated,linear,0.3,20,87.75221621148094,90.42953940891728,-2.73056002439529,-2.6773231974363267,-2.873272201641845,-2.4766482182432283,1.9073486328125e-06,-1.0,0,20,8.58306884765625e-05
isolated,linear,0.4,20,86.70046049802538,90.58411060213206,-3.804508663682038,-3.883650104106651,-4.157477702625009,-3.6199139768247575,1.9073486328125e-06,-1.0,0,20,8.58306884765625e-05
isolated,linear,0.5,20,85.53652051236294,90.5441306048428,-5.0262143202928655,-5.007610092479874,-5.314135919942724,-4.685069860204573,1.9073486328125e-06,-1.0,0,20,8.58306884765625e-05
isolated,ffill,0.1,20,90.32406881840573,90.33436823648267,0.05749065176070545,-0.010299418076956113,-0.12013799639742748,0.09457836653411608,0.5705966949462891,0.1523809523809524,11,9,1.0
isolated,ffill,0.2,20,90.48605773935694,90.37398391386263,0.1379611704750372,0.11207382549432321,-0.07361563465551868,0.307176785638366,0.34881019592285156,0.24761904761904763,12,8,1.0
isolated,ffill,0.3,20,90.49450430162904,90.42953940891728,0.26490325539056947,0.06496489271174133,-0.17923924574799577,0.29393832996884983,0.5458755493164062,0.1619047619047619,13,7,1.0
isolated,ffill,0.4,20,90.5003869922239,90.58411060213206,-0.10873171991046537,-0.08372360990813232,-0.3368703781160267,0.1605225959666319,0.6742229461669922,-0.11428571428571428,10,10,1.0
isolated,ffill,0.5,20,90.41933134316918,90.5441306048428,-0.18521958674533323,-0.12479926167363098,-0.4209703604281138,0.18727589919250923,0.3299827575683594,-0.2571428571428571,7,13,1.0
isolated,spline,0.1,20,91.20173720747802,90.33436823648267,0.9110796247328579,0.8673689709953415,0.7303069610294254,1.0047317667882865,1.9073486328125e-06,1.0,20,0,8.58306884765625e-05
isolated,spline,0.2,20,92.24072922666171,90.37398391386263,1.8519501243957293,1.8667453127991007,1.6710909711161155,2.0713224643121007,1.9073486328125e-06,1.0,20,0,8.58306884765625e-05
isolated,spline,0.3,20,93.2733255195557,90.42953940891728,2.9163555947852746,2.8437861106384097,2.5775220308999898,3.1135315935040637,1.9073486328125e-06,1.0,20,0,8.58306884765625e-05
isolated,spline,0.4,20,94.53678358260615,90.58411060213206,3.8495690916130307,3.952672980474117,3.6259003862221766,4.287064848279633,1.9073486328125e-06,1.0,20,0,8.58306884765625e-05
isolated,spline,0.5,20,95.60480343426585,90.5441306048428,5.092420945613219,5.060672829423016,4.5489613112683625,5.556140305168433,1.9073486328125e-06,1.0,20,0,8.58306884765625e-05
