frac,horizon_h,n,mean_linear,mean_gapaware,baseline_cov,median_diff_pp,mean_diff_pp,ci_lo_pp,ci_hi_pp,wilcoxon_p,rank_biserial,vs0_median_diff_pp,vs0_ci_lo_pp,vs0_ci_hi_pp,vs0_wilcoxon_p,holm_p,vs0_holm_p
0.1,6,20,96.01947308132874,96.340206185567,96.39175257731961,-0.2863688430698841,-0.3207331042382605,-0.44387170675830473,-0.19186712485682156,0.00026702880859375,-0.8789473684210526,-0.2863688430698841,-0.5899198167239528,-0.18327605956473036,0.00262451171875,0.00095367431640625,0.00262451171875
0.1,12,20,94.26149425287358,94.5,94.6551724137931,-0.34482758620688614,-0.23850574712643907,-0.36494252873563016,-0.10057471264368012,0.0031528472900390625,-0.7238095238095238,-0.4022988505747005,-0.5775862068965537,-0.2212643678160914,0.00030517578125,0.0031528472900390625,0.000640869140625
0.1,24,20,91.66087962962963,92.06886574074075,92.41898148148148,-0.31828703703705163,-0.4079861111111122,-0.5758101851851883,-0.2401620370370366,0.0001068115234375,-0.954248366013072,-0.434027777777779,-1.0850694444444424,-0.4484230324074063,0.0001220703125,0.000640869140625,0.00048828125
0.1,48,20,92.31807511737091,92.9342723004695,93.25117370892019,-0.5868544600938996,-0.6161971830985913,-0.9126320422535259,-0.3198356807511726,0.00141143798828125,-0.7894736842105263,-0.4988262910798291,-1.6168573943662108,-0.4049295774647998,0.000213623046875,0.0028228759765625,0.000640869140625
0.2,6,20,95.33791523482243,96.22279495990836,96.39175257731961,-0.8018327605956388,-0.8848797250859131,-1.0567010309278373,-0.7101947308132998,1.9073486328125e-06,-1.0,-0.9736540664375792,-1.3602520045819126,-0.7474226804123868,3.814697265625e-06,3.814697265625e-05,4.9591064453125e-05
0.2,12,20,93.6896551724138,94.35057471264369,94.6551724137931,-0.6896551724137945,-0.6609195402298834,-0.8505747126436735,-0.4482758620689653,2.6702880859375e-05,-0.9578947368421052,-0.8045977011494232,-1.2557471264367748,-0.6839080459770102,1.1444091796875e-05,0.000213623046875,6.866455078125e-05
0.2,24,20,90.83912037037038,91.84895833333334,92.41898148148148,-1.157407407407396,-1.0098379629629626,-1.3917824074074066,-0.61921296296296,0.00019073486328125,-0.9064327485380117,-1.6782407407407385,-1.9589120370370334,-1.1660879629629595,1.52587890625e-05,0.00095367431640625,7.62939453125e-05
0.2,48,20,91.34976525821597,92.80223004694837,93.25117370892019,-1.4964788732394374,-1.4524647887323934,-2.1273474178403746,-0.8537998826291039,0.000209808349609375,-0.8714285714285714,-1.5551643192488362,-2.8315727699530617,-1.1354900234741894,9.5367431640625e-06,0.00095367431640625,6.67572021484375e-05
0.3,6,20,94.9541809851088,96.3087056128293,96.39175257731961,-1.4891179839633395,-1.3545246277205045,-1.5836197021764014,-1.1225658648339114,1.9073486328125e-06,-1.0,-1.71821305841926,-1.804195303550988,-1.0766752577319731,1.9073486328125e-06,3.814697265625e-05,3.814697265625e-05
0.3,12,20,93.34770114942528,94.36781609195401,94.6551724137931,-1.12068965517243,-1.020114942528735,-1.241379310344833,-0.795977011494251,1.9073486328125e-06,-1.0,-1.264367816091938,-1.6035201149425289,-1.0086206896551724,3.814697265625e-06,3.814697265625e-05,4.9591064453125e-05
0.3,24,20,90.36458333333333,92.00231481481481,92.41898148148148,-1.7650462962962965,-1.6377314814814803,-1.9936342592592577,-1.2731481481481475,3.814697265625e-06,-1.0,-2.256944444444442,-2.3842592592592573,-1.684027777777775,1.9073486328125e-06,5.340576171875e-05,3.814697265625e-05
0.3,48,20,90.21126760563381,92.97535211267606,93.25117370892019,-2.347417840375593,-2.7640845070422566,-3.753007629107986,-1.84859154929578,1.9073486328125e-05,-0.9523809523809523,-2.1126760563380365,-4.1138497652582275,-2.0334507042253653,3.814697265625e-06,0.000171661376953125,4.9591064453125e-05
0.4,6,20,94.59335624284077,96.28865979381445,96.39175257731961,-1.8041237113402109,-1.6953035509736547,-1.9988545246277223,-1.3487972508591057,3.814697265625e-06,-0.9904761904761905,-1.71821305841926,-2.18785796105385,-1.388888888888901,5.7220458984375e-06,5.340576171875e-05,5.14984130859375e-05
0.4,12,20,93.05747126436783,94.29885057471262,94.6551724137931,-1.4367816091954033,-1.241379310344825,-1.5431034482758532,-0.9425287356321788,3.814697265625e-06,-0.9904761904761905,-1.4080459770114795,-1.9626436781609116,-1.227011494252867,3.814697265625e-06,5.340576171875e-05,4.9591064453125e-05
0.4,24,20,89.93344907407406,91.8142361111111,92.41898148148148,-1.8518518518518545,-1.880787037037038,-2.3321759259259283,-1.414858217592592,7.62939453125e-06,-0.9894736842105263,-2.517361111111105,-2.960069444444442,-1.9589120370370345,7.62939453125e-06,8.392333984375e-05,6.103515625e-05
0.4,48,20,89.05516431924883,92.9518779342723,93.25117370892019,-3.3450704225352124,-3.8967136150234736,-5.082232981220658,-2.805164319248827,1.9073486328125e-06,-1.0,-2.4061032863849863,-5.572183098591558,-2.890258215962452,1.9073486328125e-06,3.814697265625e-05,3.814697265625e-05
0.5,6,20,93.75429553264605,96.1397479954181,96.39175257731961,-2.491408934707912,-2.3854524627720526,-2.6947308132875167,-2.0446735395189046,1.9073486328125e-06,-1.0,-2.8064146620847774,-2.8923253150057393,-2.3424971363115827,1.9073486328125e-06,3.814697265625e-05,3.814697265625e-05
0.5,12,20,92.33045977011494,94.29885057471263,94.6551724137931,-2.068965517241378,-1.9683908045977039,-2.3304597701149414,-1.603448275862073,1.9073486328125e-06,-1.0,-2.3563218390804552,-2.640804597701146,-2.005747126436783,1.9073486328125e-06,3.814697265625e-05,3.814697265625e-05
0.5,24,20,89.33159722222221,92.11805555555556,92.41898148148148,-3.096064814814803,-2.7864583333333317,-3.489583333333331,-2.0833333333333313,7.62939453125e-06,-1.0,-3.125,-3.4519675925925903,-2.6822916666666634,1.9073486328125e-06,8.392333984375e-05,3.814697265625e-05
0.5,48,20,86.66960093896714,92.13908450704228,93.25117370892019,-5.252347417840375,-5.469483568075116,-7.256455399061032,-3.6825117370892015,3.62396240234375e-05,-0.9333333333333333,-7.100938967136162,-7.837514671361514,-5.3138937793427345,1.9073486328125e-06,0.0002536773681640625,3.814697265625e-05
