model,h,rmse,mae
ridge,6,39.450179751325265,32.33551642320426
ridge,12,39.310845781896504,32.25964638163965
ridge,24,39.404017339278525,32.28453921575247
ridge,48,39.222435826623496,32.10480240692441
lstm_42,6,38.999698380560176,31.938217748160465
lstm_42,12,39.068257384550094,32.021758892971846
lstm_42,24,38.992248958239735,31.96142230843358
lstm_42,48,38.95141176502309,31.91998713770393
lstm_123,6,38.95706410081419,31.937641062698923
lstm_123,12,39.00277673526952,31.988910148183752
lstm_123,24,38.949267195651295,31.93688279008484
lstm_123,48,38.91648064847876,31.90823850469098
lstm_2024,6,38.99595068254076,31.9825082680306
lstm_2024,12,39.01595232761895,32.02741523235634
lstm_2024,24,38.984344473005855,32.00474352391437
lstm_2024,48,38.974234331809754,31.974624171022114
lstm_7,6,39.080914215281645,31.942781789877916
lstm_7,12,39.10742805692913,32.078820426252875
lstm_7,24,38.990934307073445,31.983611147339197
lstm_7,48,39.10980536225924,32.143673066433344
lstm_99,6,38.97270724126284,31.92846986948645
lstm_99,12,39.02087771497792,32.01499272782188
lstm_99,24,39.00167768069811,32.036512464946256
lstm_99,48,38.92458151799306,31.902422612086045
persistence,6,54.67031944568611,43.89401094820994
persistence,12,54.252518712751424,43.7865709831468
persistence,24,56.32456080201045,45.43276738087544
persistence,48,54.67389338311074,44.073507626321565
