site,seed,horizon,model,rmse,r2,converged
iraq,42,6h,deterministic,9.648611068725586,-0.04591977596282959,True
iraq,42,12h,deterministic,18.35919189453125,-3.1744632720947266,True
iraq,42,24h,deterministic,23.403350830078125,-7.347260475158691,True
iraq,42,48h,deterministic,34.715885162353516,-28.576810836791992,True
iraq,42,6h,bayesian,17.890132904052734,-2.5958030223846436,True
iraq,42,12h,bayesian,27.580738067626953,-8.421178817749023,True
iraq,42,24h,bayesian,29.104585647583008,-11.909539222717285,True
iraq,42,48h,bayesian,45.254302978515625,-49.25909423828125,True
iraq,123,6h,deterministic,3.677028179168701,0.8480982780456543,True
iraq,123,12h,deterministic,23.761852264404297,-5.9928483963012695,True
iraq,123,24h,deterministic,9.512197494506836,-0.3789534568786621,True
iraq,123,48h,deterministic,44.246402740478516,-47.045284271240234,True
iraq,123,6h,bayesian,23.272436141967773,-5.084885597229004,True
iraq,123,12h,bayesian,33.787715911865234,-13.13875675201416,True
iraq,123,24h,bayesian,33.94013214111328,-16.55556869506836,True
iraq,123,48h,bayesian,43.33671569824219,-45.09001541137695,True
iraq,2024,6h,deterministic,2.117100954055786,0.9496439099311829,True
iraq,2024,12h,deterministic,11.162708282470703,-0.5432372093200684,True
iraq,2024,24h,deterministic,5.874694347381592,0.474032998085022,True
iraq,2024,48h,deterministic,28.824296951293945,-19.389768600463867,True
iraq,2024,6h,bayesian,2.503117322921753,0.9296067357063293,True
iraq,2024,12h,bayesian,12.9381103515625,-1.073171615600586,True
iraq,2024,24h,bayesian,6.287788391113281,0.39746296405792236,True
iraq,2024,48h,bayesian,32.3856201171875,-24.739452362060547,True
iraq,7,6h,deterministic,15.466804504394531,-1.6876327991485596,True
iraq,7,12h,deterministic,19.789546966552734,-3.85026216506958,True
iraq,7,24h,deterministic,19.0690860748291,-4.541759490966797,True
iraq,7,48h,deterministic,32.17136764526367,-24.400014877319336,True
iraq,7,6h,bayesian,20.316600799560547,-3.637360095977783,True
iraq,7,12h,bayesian,26.03282928466797,-7.393367767333984,True
iraq,7,24h,bayesian,23.52692413330078,-7.435643196105957,True
iraq,7,48h,bayesian,38.213809967041016,-34.83732604980469,True
iraq,99,6h,deterministic,2.250591516494751,0.943093478679657,True
iraq,99,12h,deterministic,8.06904411315918,0.1936238408088684,True
iraq,99,24h,deterministic,9.49254322052002,-0.3732607364654541,True
iraq,99,48h,deterministic,16.21500587463379,-5.452516555786133,True
iraq,99,6h,bayesian,24.297143936157227,-5.6325297355651855,True
iraq,99,12h,bayesian,27.226465225219727,-8.180706024169922,True
iraq,99,24h,bayesian,23.078887939453125,-7.117413520812988,True
iraq,99,48h,bayesian,34.15542221069336,-27.62952995300293,True
iraq,0,6h,deterministic,2.182988405227661,0.9464608430862427,True
iraq,0,12h,deterministic,19.495203018188477,-3.707052707672119,True
iraq,0,24h,deterministic,7.588257789611816,0.12244969606399536,True
iraq,0,48h,deterministic,31.62191390991211,-23.539812088012695,True
iraq,0,6h,bayesian,11.125449180603027,-0.39060521125793457,True
iraq,0,12h,bayesian,27.30095672607422,-8.231011390686035,True
iraq,0,24h,bayesian,18.956457138061523,-4.476489543914795,True
iraq,0,48h,bayesian,34.417484283447266,-28.070547103881836,True
iraq,1,6h,deterministic,17.554122924804688,-2.4619996547698975,True
iraq,1,12h,deterministic,25.031007766723633,-6.75979471206665,True
iraq,1,24h,deterministic,21.24045753479004,-5.8756794929504395,True
iraq,1,48h,deterministic,26.057579040527344,-15.663375854492188,True
iraq,1,6h,bayesian,17.62530517578125,-2.490133762359619,True
iraq,1,12h,bayesian,25.050535202026367,-6.771905422210693,True
iraq,1,24h,bayesian,22.23537254333496,-6.534886360168457,True
iraq,1,48h,bayesian,26.720848083496094,-16.522470474243164,True
iraq,2,6h,deterministic,19.18904685974121,-3.1369056701660156,True
iraq,2,12h,deterministic,46.80750274658203,-26.134662628173828,True
iraq,2,24h,deterministic,22.888715744018555,-6.984187602996826,True
iraq,2,48h,deterministic,61.51698303222656,-91.87203216552734,True
iraq,2,6h,bayesian,19.898590087890625,-3.4484972953796387,True
iraq,2,12h,bayesian,27.964662551879883,-8.685291290283203,True
iraq,2,24h,bayesian,23.968395233154297,-7.755195617675781,True
iraq,2,48h,bayesian,36.27226257324219,-31.288227081298828,True
iraq,3,6h,deterministic,18.069671630859375,-2.668337821960449,True
iraq,3,12h,deterministic,28.00848960876465,-8.715673446655273,True
iraq,3,24h,deterministic,28.9808292388916,-11.799986839294434,True
iraq,3,48h,deterministic,33.1912841796875,-26.036033630371094,True
iraq,3,6h,bayesian,18.827600479125977,-2.9825267791748047,True
iraq,3,12h,bayesian,28.953392028808594,-9.382272720336914,True
iraq,3,24h,bayesian,29.776790618896484,-12.512747764587402,True
iraq,3,48h,bayesian,34.11433029174805,-27.56068229675293,True
iraq,4,6h,deterministic,1.492810845375061,0.9749632477760315,True
iraq,4,12h,deterministic,12.012495994567871,-0.7871460914611816,True
iraq,4,24h,deterministic,7.070760726928711,0.23806113004684448,True
iraq,4,48h,deterministic,25.184017181396484,-14.564847946166992,True
iraq,4,6h,bayesian,1.2798336744308472,0.9815975427627563,True
iraq,4,12h,bayesian,11.019845962524414,-0.5039887428283691,True
iraq,4,24h,bayesian,5.520771503448486,0.5354981422424316,True
iraq,4,48h,bayesian,26.17890739440918,-15.818910598754883,True
iraq,5,6h,deterministic,15.723528861999512,-1.7775943279266357,True
iraq,5,12h,deterministic,24.897611618041992,-6.677306652069092,True
iraq,5,24h,deterministic,21.071712493896484,-5.766865253448486,True
iraq,5,48h,deterministic,30.080392837524414,-21.205568313598633,True
iraq,5,6h,bayesian,7.264779090881348,0.40705615282058716,True
iraq,5,12h,bayesian,9.25773811340332,-0.06145918369293213,True
iraq,5,24h,bayesian,6.3997673988342285,0.37581074237823486,True
iraq,5,48h,bayesian,22.032106399536133,-10.912610054016113,True
iraq,6,6h,deterministic,19.310300827026367,-3.1893515586853027,True
iraq,6,12h,deterministic,23.031160354614258,-5.569391250610352,True
iraq,6,24h,deterministic,25.0142822265625,-8.53594970703125,True
iraq,6,48h,deterministic,28.224103927612305,-18.549480438232422,True
iraq,6,6h,bayesian,19.261192321777344,-3.1680703163146973,True
iraq,6,12h,bayesian,23.269832611083984,-5.706254005432129,True
iraq,6,24h,bayesian,25.216007232666016,-8.690373420715332,True
iraq,6,48h,bayesian,28.65873908996582,-19.156217575073242,True
iraq,8,6h,deterministic,13.169805526733398,-0.9486216306686401,True
iraq,8,12h,deterministic,19.626758575439453,-3.770793914794922,True
iraq,8,24h,deterministic,25.73112678527832,-9.090332984924316,True
iraq,8,48h,deterministic,29.594974517822266,-20.494670867919922,True
iraq,8,6h,bayesian,13.24885082244873,-0.9720830917358398,True
iraq,8,12h,bayesian,19.480634689331055,-3.7000203132629395,True
iraq,8,24h,bayesian,26.305343627929688,-9.545711517333984,True
iraq,8,48h,bayesian,30.771038055419922,-22.23695182800293,True
iraq,9,6h,deterministic,6.879043102264404,0.46835118532180786,True
iraq,9,12h,deterministic,13.569133758544922,-1.2803304195404053,True
iraq,9,24h,deterministic,8.44351863861084,-0.08651268482208252,True
iraq,9,48h,deterministic,19.26132583618164,-8.104732513427734,True
iraq,9,6h,bayesian,6.7934112548828125,0.48150503635406494,True
iraq,9,12h,bayesian,20.858158111572266,-4.388221263885498,True
iraq,9,24h,bayesian,5.462003707885742,0.5453346967697144,True
iraq,9,48h,bayesian,39.898536682128906,-38.066890716552734,True
iraq,10,6h,deterministic,7.387345790863037,0.3868798017501831,True
iraq,10,12h,deterministic,3.9940288066864014,0.8024322986602783,True
iraq,10,24h,deterministic,4.933432102203369,0.6290749311447144,True
iraq,10,48h,deterministic,17.172046661376953,-6.2366743087768555,True
iraq,10,6h,bayesian,6.369888782501221,0.5441389679908752,True
iraq,10,12h,bayesian,6.042997360229492,0.5477293729782104,True
iraq,10,24h,bayesian,4.739682674407959,0.657637357711792,True
iraq,10,48h,bayesian,20.854286193847656,-9.672975540161133,True
iraq,11,6h,deterministic,5.622417449951172,0.6448474526405334,True
iraq,11,12h,deterministic,4.19852352142334,0.7816834449768066,True
iraq,11,24h,deterministic,5.383485794067383,0.5583125352859497,True
iraq,11,48h,deterministic,14.658271789550781,-4.2730326652526855,True
iraq,11,6h,bayesian,5.673828125,0.6383228302001953,True
iraq,11,12h,bayesian,4.044371604919434,0.7974204421043396,True
iraq,11,24h,bayesian,5.361214637756348,0.5619595050811768,True
iraq,11,48h,bayesian,15.830904006958008,-5.1504411697387695,True
iraq,12,6h,deterministic,17.95305824279785,-2.621142864227295,True
iraq,12,12h,deterministic,33.54129409790039,-12.933271408081055,True
iraq,12,24h,deterministic,27.706403732299805,-10.69898509979248,True
iraq,12,48h,deterministic,34.43088912963867,-28.093189239501953,True
iraq,12,6h,bayesian,19.35134506225586,-3.2071800231933594,True
iraq,12,12h,bayesian,36.80883026123047,-15.780216217041016,True
iraq,12,24h,bayesian,29.416805267333984,-12.18799877166748,True
iraq,12,48h,bayesian,37.31100845336914,-33.16401290893555,True
iraq,13,6h,deterministic,18.65900230407715,-2.91152024269104,True
iraq,13,12h,deterministic,28.462635040283203,-9.033299446105957,True
iraq,13,24h,deterministic,28.566896438598633,-11.436952590942383,True
iraq,13,48h,deterministic,39.02534484863281,-36.375614166259766,True
iraq,13,6h,bayesian,19.240327835083008,-3.159045696258545,True
iraq,13,12h,bayesian,28.66585922241211,-9.177085876464844,True
iraq,13,24h,bayesian,28.488374710083008,-11.36867618560791,True
iraq,13,48h,bayesian,39.89863586425781,-38.067081451416016,True
iraq,14,6h,deterministic,1.3690937757492065,0.9789411425590515,True
iraq,14,12h,deterministic,6.455360412597656,0.48389923572540283,True
iraq,14,24h,deterministic,5.269351005554199,0.5768424272537231,True
iraq,14,48h,deterministic,13.62646770477295,-3.5568161010742188,True
iraq,14,6h,bayesian,1.5615158081054688,0.9726055860519409,True
iraq,14,12h,bayesian,6.093085289001465,0.54020094871521,True
iraq,14,24h,bayesian,4.765655994415283,0.6538747549057007,True
iraq,14,48h,bayesian,13.89509391784668,-3.738248825073242,True
iraq,15,6h,deterministic,5.022041320800781,0.7166460156440735,True
iraq,15,12h,deterministic,18.155540466308594,-3.0823655128479004,True
iraq,15,24h,deterministic,8.041683197021484,0.014442980289459229,True
iraq,15,48h,deterministic,32.13175582885742,-24.33750343322754,True
iraq,15,6h,bayesian,7.363989353179932,0.3907506465911865,True
iraq,15,12h,bayesian,21.792980194091797,-4.88202428817749,True
iraq,15,24h,bayesian,8.632257461547852,-0.1356292963027954,True
iraq,15,48h,bayesian,36.70323944091797,-32.060062408447266,True
