site,seed,horizon,model,rmse,r2,mae,epochs_run,converged
morocco,42,6h,deterministic,13.639770900558652,-0.2216486930847168,9.944811820983887,18,True
morocco,42,12h,deterministic,15.584270646300661,-0.6096948385238647,11.815905570983887,18,True
morocco,42,24h,deterministic,18.837689641391552,-1.4044075012207031,14.763055801391602,18,True
morocco,42,48h,deterministic,19.408339039381453,-1.6022167205810547,15.98853588104248,18,True
morocco,42,6h,bayesian,14.421461833023974,-0.36568570137023926,10.817795753479004,18,True
morocco,42,12h,bayesian,15.60408218965298,-0.6137900352478027,11.915207862854004,18,True
morocco,42,24h,bayesian,19.297328878771506,-1.5231740474700928,15.128485679626465,18,True
morocco,42,48h,bayesian,19.714577113933995,-1.684983730316162,16.259870529174805,18,True
morocco,123,6h,deterministic,10.429914630602696,0.28567856550216675,7.548499584197998,23,True
morocco,123,12h,deterministic,12.21869567702918,0.010489821434020996,9.024079322814941,23,True
morocco,123,24h,deterministic,13.157997142192475,-0.17309284210205078,10.826274871826172,23,True
morocco,123,48h,deterministic,18.51306763061441,-1.367682695388794,15.276239395141602,23,True
morocco,123,6h,bayesian,11.88301025065566,0.07277500629425049,9.859654426574707,19,True
morocco,123,12h,bayesian,12.880737211560573,-0.09964382648468018,9.802268981933594,19,True
morocco,123,24h,bayesian,13.405266003187364,-0.21759724617004395,11.073978424072266,19,True
morocco,123,48h,bayesian,18.83704728947553,-1.4512770175933838,15.642841339111328,19,True
morocco,2024,6h,deterministic,10.755345279785413,0.24040710926055908,7.23839807510376,18,True
morocco,2024,12h,deterministic,13.655048797643149,-0.2358253002166748,10.678582191467285,18,True
morocco,2024,24h,deterministic,14.075890976670335,-0.34247004985809326,11.695657730102539,18,True
morocco,2024,48h,deterministic,14.887526422920768,-0.5311292409896851,11.463011741638184,18,True
morocco,2024,6h,bayesian,13.408948933418436,-0.18065130710601807,10.046886444091797,21,True
morocco,2024,12h,bayesian,15.042165872984869,-0.4996548891067505,11.094244003295898,21,True
morocco,2024,24h,bayesian,15.352978326091824,-0.5971218347549438,12.43153190612793,21,True
morocco,2024,48h,bayesian,18.108376502617425,-1.2653000354766846,14.638623237609863,21,True
morocco,7,6h,deterministic,13.108227285128747,-0.1282883882522583,10.346083641052246,22,True
morocco,7,12h,deterministic,14.082362816831656,-0.31438207626342773,11.779994010925293,22,True
morocco,7,24h,deterministic,14.917871067859034,-0.5078790187835693,12.040860176086426,22,True
morocco,7,48h,deterministic,18.68365051018453,-1.4115161895751953,15.294807434082031,22,True
morocco,7,6h,bayesian,13.221921139093155,-0.14794564247131348,10.32457160949707,22,True
morocco,7,12h,bayesian,14.21423080225605,-0.3391132354736328,11.77353572845459,22,True
morocco,7,24h,bayesian,15.21276512197076,-0.5680831670761108,12.159876823425293,22,True
morocco,7,48h,bayesian,20.114025843786997,-1.7948901653289795,16.6742000579834,22,True
morocco,99,6h,deterministic,14.536412788337076,-0.3875436782836914,11.849630355834961,16,True
morocco,99,12h,deterministic,12.282341440250015,0.0001544952392578125,10.221094131469727,16,True
morocco,99,24h,deterministic,13.714091628835705,-0.2743445634841919,11.436354637145996,16,True
morocco,99,48h,deterministic,18.023483216782072,-1.244110345840454,13.568585395812988,16,True
morocco,99,6h,bayesian,14.692455218800067,-0.41749298572540283,11.97283935546875,16,True
morocco,99,12h,bayesian,12.384470388818547,-0.01654231548309326,10.194616317749023,16,True
morocco,99,24h,bayesian,13.721547043664005,-0.27573060989379883,11.48780345916748,16,True
morocco,99,48h,bayesian,18.12482573326784,-1.2694177627563477,13.631757736206055,16,True
morocco,0,6h,deterministic,14.453408464281067,-0.37174296379089355,11.686712265014648,19,True
morocco,0,12h,deterministic,14.326880015090406,-0.3604224920272827,10.958155632019043,19,True
morocco,0,24h,deterministic,16.133638182563143,-0.7636703252792358,12.97896957397461,19,True
morocco,0,48h,deterministic,19.617791084899984,-1.6586854457855225,16.203907012939453,19,True
morocco,0,6h,bayesian,13.40522161065098,-0.17999505996704102,10.39444637298584,18,True
morocco,0,12h,bayesian,13.188536110623154,-0.1528259515762329,10.121541023254395,18,True
morocco,0,24h,bayesian,15.589934774853283,-0.6468019485473633,12.535438537597656,18,True
morocco,0,48h,bayesian,17.752625177240514,-1.1771678924560547,14.247651100158691,18,True
morocco,1,6h,deterministic,13.569738469256636,-0.2091360092163086,10.208980560302734,23,True
morocco,1,12h,deterministic,15.148048683122523,-0.5208414793014526,12.420372009277344,23,True
morocco,1,24h,deterministic,15.638420018149612,-0.6570612192153931,12.292505264282227,23,True
morocco,1,48h,deterministic,16.53415820207282,-0.8885606527328491,13.282571792602539,23,True
morocco,1,6h,bayesian,13.19998575845586,-0.14413988590240479,9.843132972717285,26,True
morocco,1,12h,bayesian,15.006724566892087,-0.4925963878631592,12.294560432434082,26,True
morocco,1,24h,bayesian,15.978711270537042,-0.7299609184265137,12.454632759094238,26,True
morocco,1,48h,bayesian,17.383295288239367,-1.0875215530395508,14.13359260559082,26,True
morocco,2,6h,deterministic,12.672525222220411,-0.05452895164489746,9.073298454284668,26,True
morocco,2,12h,deterministic,14.953590824281607,-0.48204565048217773,11.450713157653809,26,True
morocco,2,24h,deterministic,15.995972126369129,-0.7337005138397217,12.627230644226074,26,True
morocco,2,48h,deterministic,18.67945305817958,-1.4104328155517578,15.263176918029785,26,True
morocco,2,6h,bayesian,12.805124830466438,-0.07671260833740234,9.088921546936035,26,True
morocco,2,12h,bayesian,15.555894545237155,-0.6038382053375244,11.668610572814941,26,True
morocco,2,24h,bayesian,16.603179149227056,-0.867821216583252,13.030204772949219,26,True
morocco,2,48h,bayesian,19.66433486477049,-1.6713159084320068,16.236175537109375,26,True
morocco,3,6h,deterministic,12.199585229045379,0.0227125883102417,8.682053565979004,19,True
morocco,3,12h,deterministic,14.95928668682805,-0.4831749200820923,11.835798263549805,19,True
morocco,3,24h,deterministic,15.908262953578411,-0.7147401571273804,12.696338653564453,19,True
morocco,3,48h,deterministic,16.63838104735413,-0.9124445915222168,13.290626525878906,19,True
morocco,3,6h,bayesian,12.352878102373932,-0.0020017623901367188,9.340402603149414,18,True
morocco,3,12h,bayesian,16.490386011568887,-0.8023214340209961,12.529085159301758,18,True
morocco,3,24h,bayesian,16.775213139596953,-0.9067286252975464,13.391057968139648,18,True
morocco,3,48h,bayesian,16.376320356179015,-0.8526755571365356,13.168936729431152,18,True
morocco,4,6h,deterministic,13.302310393010389,-0.16194701194763184,10.142045021057129,21,True
morocco,4,12h,deterministic,14.506745446589612,-0.3947955369949341,10.619529724121094,21,True
morocco,4,24h,deterministic,14.416301803528867,-0.4081876277923584,11.685925483703613,21,True
morocco,4,48h,deterministic,17.034377400648793,-1.004560947418213,13.736382484436035,21,True
morocco,4,6h,bayesian,13.425612474390135,-0.1835876703262329,10.428528785705566,22,True
morocco,4,12h,bayesian,13.966849724807364,-0.29290759563446045,10.38858699798584,22,True
morocco,4,24h,bayesian,14.818986333654244,-0.4879549741744995,11.862428665161133,22,True
morocco,4,48h,bayesian,17.661418975123254,-1.1548545360565186,14.371581077575684,22,True
morocco,5,6h,deterministic,13.361154395386041,-0.17224979400634766,10.095404624938965,19,True
morocco,5,12h,deterministic,13.332151424158056,-0.1780698299407959,11.452927589416504,19,True
morocco,5,24h,deterministic,17.974730662316265,-1.1891603469848633,14.238821029663086,19,True
morocco,5,48h,deterministic,15.268473957703511,-0.6104898452758789,11.83404541015625,19,True
morocco,5,6h,bayesian,11.087341348745142,0.19278913736343384,8.334155082702637,24,True
morocco,5,12h,bayesian,12.678876379632385,-0.06544768810272217,10.822797775268555,24,True
morocco,5,24h,bayesian,16.36919364196909,-0.8155463933944702,13.040423393249512,24,True
morocco,5,48h,bayesian,17.05512679089533,-1.0094473361968994,13.428646087646484,24,True
morocco,6,6h,deterministic,13.977703322990758,-0.2829325199127197,10.939286231994629,18,True
morocco,6,12h,deterministic,13.46512932138424,-0.20168781280517578,10.034059524536133,18,True
morocco,6,24h,deterministic,13.110440562139718,-0.16462838649749756,11.191034317016602,18,True
morocco,6,48h,deterministic,16.393594449200084,-0.856586217880249,12.54957389831543,18,True
morocco,6,6h,bayesian,14.206401854012695,-0.3252577781677246,11.181441307067871,18,True
morocco,6,12h,bayesian,13.860494093241737,-0.27329206466674805,10.152399063110352,18,True
morocco,6,24h,bayesian,13.394239616612305,-0.21559500694274902,11.355818748474121,18,True
morocco,6,48h,bayesian,16.600612105149164,-0.9037721157073975,12.744521141052246,18,True
morocco,8,6h,deterministic,16.539647412307115,-0.7963241338729858,12.062043190002441,19,True
morocco,8,12h,deterministic,17.5359685467069,-1.0381217002868652,13.12683391571045,19,True
morocco,8,24h,deterministic,17.914110199456776,-1.1744191646575928,14.157536506652832,19,True
morocco,8,48h,deterministic,19.182079630610392,-1.5418980121612549,15.692466735839844,19,True
morocco,8,6h,bayesian,17.07505118724026,-0.9145036935806274,12.357304573059082,19,True
morocco,8,12h,bayesian,17.94678684899124,-1.134735107421875,13.720479965209961,19,True
morocco,8,24h,bayesian,18.442630377318064,-1.3046157360076904,14.530200958251953,19,True
morocco,8,48h,bayesian,18.926291192175388,-1.4745588302612305,15.270342826843262,19,True
morocco,9,6h,deterministic,14.72658425893618,-0.4240860939025879,12.086712837219238,19,True
morocco,9,12h,deterministic,15.539307497911496,-0.6004197597503662,11.865388870239258,19,True
morocco,9,24h,deterministic,15.65572906053858,-0.6607314348220825,12.761144638061523,19,True
morocco,9,48h,deterministic,14.163013720306902,-0.3857283592224121,10.761259078979492,19,True
morocco,9,6h,bayesian,14.818374692105238,-0.44189393520355225,12.138121604919434,19,True
morocco,9,12h,bayesian,15.852321495659801,-0.6655447483062744,11.972184181213379,19,True
morocco,9,24h,bayesian,15.907889830593644,-0.7146596908569336,12.914898872375488,19,True
morocco,9,48h,bayesian,14.42649097902097,-0.43776583671569824,11.000136375427246,19,True
morocco,10,6h,deterministic,15.476463413836013,-0.5728076696395874,12.462655067443848,17,True
morocco,10,12h,deterministic,15.51637387653337,-0.5956993103027344,11.63830280303955,17,True
morocco,10,24h,deterministic,15.81595956704389,-0.6948992013931274,12.592475891113281,17,True
morocco,10,48h,deterministic,16.435621959313043,-0.8661175966262817,12.59405517578125,17,True
morocco,10,6h,bayesian,15.93288363749197,-0.6669437885284424,12.405610084533691,19,True
morocco,10,12h,bayesian,17.87993676364307,-1.118861198425293,13.601181983947754,19,True
morocco,10,24h,bayesian,18.154037051832216,-1.2330539226531982,14.172701835632324,19,True
morocco,10,48h,bayesian,18.378342927737833,-1.3333475589752197,14.593416213989258,19,True
morocco,11,6h,deterministic,15.912754609976984,-0.6627345085144043,12.530132293701172,20,True
morocco,11,12h,deterministic,18.246993980013272,-1.2067506313323975,14.059213638305664,20,True
morocco,11,24h,deterministic,16.846476544745382,-0.92296302318573,13.353848457336426,20,True
morocco,11,48h,deterministic,18.700488013769185,-1.4158647060394287,15.325286865234375,20,True
morocco,11,6h,bayesian,15.44679629000784,-0.5667835474014282,11.848617553710938,19,True
morocco,11,12h,bayesian,18.519625589693273,-1.273186206817627,14.225691795349121,19,True
morocco,11,24h,bayesian,17.130885985221894,-0.9884397983551025,13.684981346130371,19,True
morocco,11,48h,bayesian,18.40553621679451,-1.3402578830718994,14.937971115112305,19,True
morocco,12,6h,deterministic,9.651080973271165,0.3883765935897827,6.376443386077881,26,True
morocco,12,12h,deterministic,12.23784859991707,0.007385194301605225,10.038766860961914,26,True
morocco,12,24h,deterministic,13.74675143620587,-0.28042149543762207,11.013283729553223,26,True
morocco,12,48h,deterministic,17.53447531884063,-1.1239891052246094,14.271475791931152,26,True
morocco,12,6h,bayesian,13.604839563401637,-0.2153993844985962,10.507712364196777,21,True
morocco,12,12h,bayesian,14.7266583426921,-0.4374045133590698,11.547094345092773,21,True
morocco,12,24h,bayesian,15.342260719635089,-0.5948928594589233,12.269896507263184,21,True
morocco,12,48h,bayesian,17.92176772254292,-1.2188522815704346,14.58596420288086,21,True
morocco,13,6h,deterministic,17.364321274392285,-0.9799207448959351,14.240533828735352,20,True
morocco,13,12h,deterministic,16.183471649762662,-0.7358570098876953,12.029590606689453,20,True
morocco,13,24h,deterministic,16.798664512232254,-0.9120633602142334,13.31386947631836,20,True
morocco,13,48h,deterministic,19.57616086516327,-1.6474134922027588,16.31017303466797,20,True
morocco,13,6h,bayesian,16.147143869023807,-0.7120782136917114,12.416997909545898,17,True
morocco,13,12h,bayesian,15.9287597625566,-0.6816456317901611,11.881482124328613,17,True
morocco,13,24h,bayesian,15.246999476683673,-0.5751487016677856,12.356331825256348,17,True
morocco,13,48h,bayesian,20.19840326324746,-1.8183882236480713,16.521942138671875,17,True
morocco,14,6h,deterministic,13.292100347222219,-0.16016411781311035,9.790104866027832,20,True
morocco,14,12h,deterministic,14.450640622626281,-0.38402771949768066,11.745879173278809,20,True
morocco,14,24h,deterministic,17.757296929383177,-1.1365177631378174,13.921356201171875,20,True
morocco,14,48h,deterministic,18.585193672063927,-1.386167287826538,14.665048599243164,20,True
morocco,14,6h,bayesian,13.69318038612338,-0.23123478889465332,9.836262702941895,20,True
morocco,14,12h,bayesian,14.974637778969084,-0.48622047901153564,11.963226318359375,20,True
morocco,14,24h,bayesian,18.765295681696156,-1.3859624862670898,14.701570510864258,20,True
morocco,14,48h,bayesian,20.21562083349393,-1.823194980621338,16.129554748535156,20,True
morocco,15,6h,deterministic,13.024398795693328,-0.11390340328216553,9.41669750213623,23,True
morocco,15,12h,deterministic,15.266608527682237,-0.544741153717041,11.165573120117188,23,True
morocco,15,24h,deterministic,17.595076028237365,-1.0976600646972656,13.775046348571777,23,True
morocco,15,48h,deterministic,18.895183357182923,-1.466430902481079,15.675198554992676,23,True
morocco,15,6h,bayesian,15.494682138093278,-0.5765129327774048,11.6880464553833,19,True
morocco,15,12h,bayesian,18.573351632625187,-1.2863943576812744,14.38697338104248,19,True
morocco,15,24h,bayesian,20.62582414309865,-1.8825404644012451,15.998370170593262,19,True
morocco,15,48h,bayesian,15.966040812565764,-0.76100754737854,12.409248352050781,19,True
