site,seed,model,epochs_run,nan_loss,status
morocco,42,deterministic,18,False,ok
morocco,42,bayesian,18,False,ok
morocco,123,deterministic,23,False,ok
morocco,123,bayesian,19,False,ok
morocco,2024,deterministic,18,False,ok
morocco,2024,bayesian,21,False,ok
morocco,7,deterministic,22,False,ok
morocco,7,bayesian,22,False,ok
morocco,99,deterministic,16,False,ok
morocco,99,bayesian,16,False,ok
morocco,0,deterministic,19,False,ok
morocco,0,bayesian,18,False,ok
morocco,1,deterministic,23,False,ok
morocco,1,bayesian,26,False,ok
morocco,2,deterministic,26,False,ok
morocco,2,bayesian,26,False,ok
morocco,3,deterministic,19,False,ok
morocco,3,bayesian,18,False,ok
morocco,4,deterministic,21,False,ok
morocco,4,bayesian,22,False,ok
morocco,5,deterministic,19,False,ok
morocco,5,bayesian,24,False,ok
morocco,6,deterministic,18,False,ok
morocco,6,bayesian,18,False,ok
morocco,8,deterministic,19,False,ok
morocco,8,bayesian,19,False,ok
morocco,9,deterministic,19,False,ok
morocco,9,bayesian,19,False,ok
morocco,10,deterministic,17,False,ok
morocco,10,bayesian,19,False,ok
morocco,11,deterministic,20,False,ok
morocco,11,bayesian,19,False,ok
morocco,12,deterministic,26,False,ok
morocco,12,bayesian,21,False,ok
morocco,13,deterministic,20,False,ok
morocco,13,bayesian,17,False,ok
morocco,14,deterministic,20,False,ok
morocco,14,bayesian,20,False,ok
morocco,15,deterministic,23,False,ok
morocco,15,bayesian,19,False,ok
iraq,42,deterministic,-1,False,ok
iraq,42,bayesian,-1,False,ok
iraq,123,deterministic,-1,False,ok
iraq,123,bayesian,-1,False,ok
iraq,2024,deterministic,-1,False,ok
iraq,2024,bayesian,-1,False,ok
iraq,7,deterministic,-1,False,ok
iraq,7,bayesian,-1,False,ok
iraq,99,deterministic,-1,False,ok
iraq,99,bayesian,-1,False,ok
iraq,0,deterministic,-1,False,ok
iraq,0,bayesian,-1,False,ok
iraq,1,deterministic,-1,False,ok
iraq,1,bayesian,-1,False,ok
iraq,2,deterministic,-1,False,ok
iraq,2,bayesian,-1,False,ok
iraq,3,deterministic,-1,False,ok
iraq,3,bayesian,-1,False,ok
iraq,4,deterministic,-1,False,ok
iraq,4,bayesian,-1,False,ok
iraq,5,deterministic,-1,False,ok
iraq,5,bayesian,-1,False,ok
iraq,6,deterministic,-1,False,ok
iraq,6,bayesian,-1,False,ok
iraq,8,deterministic,-1,False,ok
iraq,8,bayesian,-1,False,ok
iraq,9,deterministic,-1,False,ok
iraq,9,bayesian,-1,False,ok
iraq,10,deterministic,-1,False,ok
iraq,10,bayesian,-1,False,ok
iraq,11,deterministic,-1,False,ok
iraq,11,bayesian,-1,False,ok
iraq,12,deterministic,-1,False,ok
iraq,12,bayesian,-1,False,ok
iraq,13,deterministic,-1,False,ok
iraq,13,bayesian,-1,False,ok
iraq,14,deterministic,-1,False,ok
iraq,14,bayesian,-1,False,ok
iraq,15,deterministic,-1,False,ok
iraq,15,bayesian,-1,False,ok
mendeley,42,deterministic,-1,False,ok
mendeley,42,bayesian,-1,False,ok
mendeley,123,deterministic,-1,False,ok
mendeley,123,bayesian,-1,False,ok
mendeley,2024,deterministic,-1,False,ok
mendeley,2024,bayesian,-1,False,ok
mendeley,7,deterministic,-1,False,ok
mendeley,7,bayesian,-1,False,ok
mendeley,99,deterministic,-1,False,ok
mendeley,99,bayesian,-1,False,ok
mendeley,0,deterministic,-1,False,ok
mendeley,0,bayesian,-1,False,ok
mendeley,1,deterministic,-1,False,ok
mendeley,1,bayesian,-1,False,ok
mendeley,2,deterministic,-1,False,ok
mendeley,2,bayesian,-1,False,ok
mendeley,3,deterministic,-1,False,ok
mendeley,3,bayesian,-1,False,ok
mendeley,4,deterministic,-1,False,ok
mendeley,4,bayesian,-1,False,ok
mendeley,5,deterministic,-1,False,ok
mendeley,5,bayesian,-1,False,ok
mendeley,6,deterministic,-1,False,ok
mendeley,6,bayesian,-1,False,ok
mendeley,8,deterministic,-1,False,ok
mendeley,8,bayesian,-1,False,ok
mendeley,9,deterministic,-1,False,ok
mendeley,9,bayesian,-1,False,ok
mendeley,10,deterministic,-1,False,ok
mendeley,10,bayesian,-1,False,ok
mendeley,11,deterministic,-1,False,ok
mendeley,11,bayesian,-1,False,ok
mendeley,12,deterministic,-1,False,ok
mendeley,12,bayesian,-1,False,ok
mendeley,13,deterministic,-1,False,ok
mendeley,13,bayesian,-1,False,ok
mendeley,14,deterministic,-1,False,ok
mendeley,14,bayesian,-1,False,ok
mendeley,15,deterministic,-1,False,ok
mendeley,15,bayesian,-1,False,ok
