site,horizon_h,n_seq,n_train,n_cal,n_test,n_train_dropped,n_cal_dropped,scp_picp,scp_mpiw,aci_picp,aci_mpiw
Morocco,6,4481,2616,824,897,72,72,0.9955406911928651,10.0,0.903010033444816,5.657966555183946
Morocco,12,4162,2353,688,833,144,144,1.0,14.0,0.8343337334933973,6.086264105642253
Morocco,24,3424,1801,653,686,253,31,0.9737609329446064,14.0,0.9475218658892128,37.57010495626819
Morocco,48,3040,1260,517,608,564,91,0.625,14.0,0.625,28.95567434210526
Iraq,6,24739,14771,4875,4949,72,72,0.9989896948878562,0.0,0.9989896948878562,0.0
Iraq,12,24554,14588,4766,4912,144,144,0.9955211726384365,0.0,0.9955211726384365,0.0
Iraq,24,24418,14362,4595,4885,288,288,0.993654042988741,0.0,0.993654042988741,0.0
Iraq,48,23890,13806,4202,4778,528,576,0.9935119296776894,0.0,0.9935119296776894,0.0
Johannesburg,6,8732,5233,1740,1747,6,6,0.9107040641099027,184.51547241210938,0.9009730967372639,184.2374444597934
Johannesburg,12,8726,5223,1733,1746,12,12,0.9129438717067583,180.2129669189453,0.8997709049255441,180.4466858567563
Johannesburg,24,8714,5204,1718,1744,24,24,0.8847477064220184,179.09689331054688,0.8990825688073395,186.53449585839087
Johannesburg,48,8690,5166,1690,1738,48,48,0.9004602991944765,180.37481689453125,0.8998849252013809,189.97669379373414
