method,seed,horizon,picp,mpiw,winkler
scp_persistence,,6h,0.9574,2.402,2.402
aci_persistence,,6h,0.9730,0.759,0.759
scp_persistence,,12h,0.9814,4.805,4.805
aci_persistence,,12h,0.9734,1.496,1.496
scp_persistence,,24h,1.0000,9.609,9.609
aci_persistence,,24h,0.9727,2.833,2.834
scp_persistence,,48h,1.0000,62.963,62.963
aci_persistence,,48h,0.9350,5.201,5.422
mc_gauss,42,6h,0.0059,15.771,214.927
scp_lstm,42,6h,0.9098,24.433,24.714
scp_mc_sigma,42,6h,0.0019,14.303,228.033
aci_lstm,42,6h,0.9076,19.278,19.341
aci_mc_sigma,42,6h,0.9002,42.503,44.676
mc_gauss,42,12h,0.0000,14.741,417.418
scp_lstm,42,12h,0.7804,42.305,47.036
scp_mc_sigma,42,12h,0.0014,25.226,323.094
aci_lstm,42,12h,0.4430,37.294,37.299
aci_mc_sigma,42,12h,0.9005,64.519,67.779
mc_gauss,42,24h,0.0000,16.197,434.325
scp_lstm,42,24h,0.5688,45.667,64.519
scp_mc_sigma,42,24h,0.0020,28.151,326.782
aci_lstm,42,24h,0.2515,47.530,47.554
aci_mc_sigma,42,24h,0.9003,68.708,72.080
mc_gauss,42,48h,0.0000,17.399,744.406
scp_lstm,42,48h,0.7214,71.837,93.645
scp_mc_sigma,42,48h,0.0016,46.548,482.122
aci_lstm,42,48h,0.2953,70.807,70.851
aci_mc_sigma,42,48h,0.9002,105.184,110.289
mc_gauss,123,6h,0.0124,17.941,300.431
scp_lstm,123,6h,1.0000,19.831,19.831
scp_mc_sigma,123,6h,0.0011,13.610,339.048
aci_lstm,123,6h,0.8219,7.734,7.750
aci_mc_sigma,123,6h,0.9003,54.763,57.604
mc_gauss,123,12h,0.0000,16.811,521.465
scp_lstm,123,12h,0.1449,36.910,143.760
scp_mc_sigma,123,12h,0.0004,28.961,412.118
aci_lstm,123,12h,0.2717,47.632,47.694
aci_mc_sigma,123,12h,0.8996,78.501,82.297
mc_gauss,123,24h,0.0000,18.643,508.695
scp_lstm,123,24h,1.0000,40.881,40.881
scp_mc_sigma,123,24h,0.0016,32.408,384.864
aci_lstm,123,24h,0.8999,19.082,19.228
aci_mc_sigma,123,24h,0.9003,79.513,83.582
mc_gauss,123,48h,0.0000,18.238,699.479
scp_lstm,123,48h,0.0000,67.975,271.887
scp_mc_sigma,123,48h,0.0004,51.716,398.186
aci_lstm,123,48h,0.3377,89.056,89.122
aci_mc_sigma,123,48h,0.9003,100.836,105.505
mc_gauss,2024,6h,0.9832,15.026,15.225
scp_lstm,2024,6h,1.0000,13.822,13.822
scp_mc_sigma,2024,6h,0.9911,16.148,16.241
aci_lstm,2024,6h,0.8157,3.975,4.376
aci_mc_sigma,2024,6h,0.8993,6.234,6.947
mc_gauss,2024,12h,0.0000,13.326,138.100
scp_lstm,2024,12h,1.0000,27.433,27.433
scp_mc_sigma,2024,12h,0.5947,27.287,40.214
aci_lstm,2024,12h,0.9223,22.160,22.767
aci_mc_sigma,2024,12h,0.9013,30.260,31.808
mc_gauss,2024,24h,0.7570,14.818,41.320
scp_lstm,2024,24h,1.0000,34.597,34.597
scp_mc_sigma,2024,24h,0.9742,37.822,38.417
aci_lstm,2024,24h,0.7959,8.455,9.108
aci_mc_sigma,2024,24h,0.8996,11.420,12.278
mc_gauss,2024,48h,0.0000,17.522,488.949
scp_lstm,2024,48h,0.3301,55.532,77.620
scp_mc_sigma,2024,48h,0.4257,62.373,118.726
aci_lstm,2024,48h,0.7291,58.631,58.663
aci_mc_sigma,2024,48h,0.9008,76.772,81.045
mc_gauss,7,6h,0.0009,15.015,268.928
scp_lstm,7,6h,0.0000,20.233,126.623
scp_mc_sigma,7,6h,0.0003,14.181,276.418
aci_lstm,7,6h,0.6509,31.318,31.348
aci_mc_sigma,7,6h,0.8999,48.133,50.653
mc_gauss,7,12h,0.0000,14.355,390.522
scp_lstm,7,12h,0.0000,35.640,74.790
scp_mc_sigma,7,12h,0.0013,23.933,304.342
aci_lstm,7,12h,0.6607,40.135,40.155
aci_mc_sigma,7,12h,0.9003,61.013,64.246
mc_gauss,7,24h,0.0000,18.823,299.548
scp_lstm,7,24h,0.7203,40.197,51.421
scp_mc_sigma,7,24h,0.0044,27.646,220.258
aci_lstm,7,24h,0.7672,39.090,39.108
aci_mc_sigma,7,24h,0.9000,55.232,58.208
mc_gauss,7,48h,0.0000,19.125,589.814
scp_lstm,7,48h,0.5353,63.387,83.927
scp_mc_sigma,7,48h,0.0041,45.366,353.801
aci_lstm,7,48h,0.7218,65.763,65.800
aci_mc_sigma,7,48h,0.9003,89.557,94.080
mc_gauss,99,6h,0.0004,14.200,353.783
scp_lstm,99,6h,1.0000,13.726,13.726
scp_mc_sigma,99,6h,0.0001,13.291,361.964
aci_lstm,99,6h,0.6610,4.193,4.300
aci_mc_sigma,99,6h,0.9002,56.433,59.283
mc_gauss,99,12h,0.0000,14.440,412.582
scp_lstm,99,12h,1.0000,30.624,30.624
scp_mc_sigma,99,12h,0.0001,20.231,360.467
aci_lstm,99,12h,0.9256,15.462,16.585
aci_mc_sigma,99,12h,0.9005,63.404,66.700
mc_gauss,99,24h,0.0000,18.361,294.357
scp_lstm,99,24h,1.0000,33.773,33.773
scp_mc_sigma,99,24h,0.0066,23.506,248.208
aci_lstm,99,24h,0.3588,18.945,19.249
aci_mc_sigma,99,24h,0.9000,54.936,57.961
mc_gauss,99,48h,0.0000,16.317,532.121
scp_lstm,99,48h,1.0000,54.796,54.796
scp_mc_sigma,99,48h,0.0027,38.661,331.102
aci_lstm,99,48h,0.9256,30.743,31.861
aci_mc_sigma,99,48h,0.8998,80.619,84.866
mc_gauss,0,6h,0.0850,14.935,86.876
scp_lstm,0,6h,0.9823,10.090,10.136
scp_mc_sigma,0,6h,0.0107,11.541,115.749
aci_lstm,0,6h,0.3077,4.223,4.265
aci_mc_sigma,0,6h,0.9026,25.825,27.025
mc_gauss,0,12h,0.0000,13.502,421.049
scp_lstm,0,12h,0.0000,21.697,190.568
scp_mc_sigma,0,12h,0.0006,19.615,366.036
aci_lstm,0,12h,0.2180,38.875,38.928
aci_mc_sigma,0,12h,0.9000,63.381,66.710
mc_gauss,0,24h,0.0000,15.116,240.867
scp_lstm,0,24h,1.0000,29.825,29.825
scp_mc_sigma,0,24h,0.0119,26.654,137.282
aci_lstm,0,24h,0.9249,14.262,15.291
aci_mc_sigma,0,24h,0.9006,44.336,46.513
mc_gauss,0,48h,0.0000,14.332,556.230
scp_lstm,0,48h,0.0000,53.481,150.372
scp_mc_sigma,0,48h,0.0026,44.236,287.156
aci_lstm,0,48h,0.5738,64.002,64.049
aci_mc_sigma,0,48h,0.9003,80.221,84.238
mc_gauss,1,6h,0.0203,14.200,223.580
scp_lstm,1,6h,0.0000,22.704,146.161
scp_mc_sigma,1,6h,0.0004,10.214,258.935
aci_lstm,1,6h,0.2210,35.280,35.312
aci_mc_sigma,1,6h,0.9008,41.479,43.713
mc_gauss,1,12h,0.0000,12.183,388.990
scp_lstm,1,12h,0.0000,31.543,215.729
scp_mc_sigma,1,12h,0.0000,14.527,367.896
aci_lstm,1,12h,0.2290,50.547,50.602
aci_mc_sigma,1,12h,0.9000,58.565,61.372
mc_gauss,1,24h,0.0000,13.239,323.331
scp_lstm,1,24h,0.0000,36.265,97.277
scp_mc_sigma,1,24h,0.0026,20.902,254.418
aci_lstm,1,24h,0.2519,43.190,43.225
aci_mc_sigma,1,24h,0.9002,51.807,54.334
mc_gauss,1,48h,0.0000,14.507,396.798
scp_lstm,1,48h,0.7437,58.695,72.915
scp_mc_sigma,1,48h,0.0047,30.530,252.731
aci_lstm,1,48h,0.3096,53.104,53.128
aci_mc_sigma,1,48h,0.9000,61.717,64.886
mc_gauss,2,6h,0.0001,13.738,272.271
scp_lstm,2,6h,0.1764,20.321,195.957
scp_mc_sigma,2,6h,0.0001,13.444,274.919
aci_lstm,2,6h,0.2255,36.787,36.882
aci_mc_sigma,2,6h,0.9012,46.354,48.648
mc_gauss,2,12h,0.0000,12.052,449.527
scp_lstm,2,12h,0.0307,37.117,576.468
scp_mc_sigma,2,12h,0.0003,23.754,344.212
aci_lstm,2,12h,0.1519,92.116,92.313
aci_mc_sigma,2,12h,0.9002,65.104,68.415
mc_gauss,2,24h,0.0000,15.259,339.607
scp_lstm,2,24h,0.2135,42.967,87.628
scp_mc_sigma,2,24h,0.0023,25.181,250.373
aci_lstm,2,24h,0.3139,45.892,45.954
aci_mc_sigma,2,24h,0.9003,55.633,58.459
mc_gauss,2,48h,0.0000,14.739,589.461
scp_lstm,2,48h,0.0000,67.223,612.776
scp_mc_sigma,2,48h,0.0019,39.482,366.835
aci_lstm,2,48h,0.1428,122.788,122.972
aci_mc_sigma,2,48h,0.8999,85.267,89.622
mc_gauss,3,6h,0.0027,14.201,247.003
scp_lstm,3,6h,0.0000,24.958,135.772
scp_mc_sigma,3,6h,0.0007,12.578,261.562
aci_lstm,3,6h,0.2215,36.357,36.398
aci_mc_sigma,3,6h,0.9005,44.721,47.167
mc_gauss,3,12h,0.0000,14.322,447.966
scp_lstm,3,12h,0.0000,34.720,246.094
scp_mc_sigma,3,12h,0.0004,21.732,381.291
aci_lstm,3,12h,0.2250,56.555,56.623
aci_mc_sigma,3,12h,0.9003,67.366,70.707
mc_gauss,3,24h,0.0000,15.486,453.853
scp_lstm,3,24h,0.0000,37.676,238.874
scp_mc_sigma,3,24h,0.0010,24.874,369.385
aci_lstm,3,24h,0.2433,58.781,58.859
aci_mc_sigma,3,24h,0.9000,69.172,72.481
mc_gauss,3,48h,0.0000,17.156,524.388
scp_lstm,3,48h,0.6232,65.466,92.657
scp_mc_sigma,3,48h,0.0014,38.450,332.763
aci_lstm,3,48h,0.2954,67.693,67.741
aci_mc_sigma,3,48h,0.9008,79.471,83.419
mc_gauss,4,6h,1.0000,12.933,12.933
scp_lstm,4,6h,1.0000,8.692,8.692
scp_mc_sigma,4,6h,0.9502,5.537,6.045
aci_lstm,4,6h,0.7764,2.962,3.522
aci_mc_sigma,4,6h,0.8995,3.625,4.185
mc_gauss,4,12h,0.0026,11.006,121.182
scp_lstm,4,12h,0.2325,23.090,34.425
scp_mc_sigma,4,12h,0.0268,13.062,103.119
aci_lstm,4,12h,0.7461,24.429,24.446
aci_mc_sigma,4,12h,0.9012,25.760,26.993
mc_gauss,4,24h,0.6957,11.902,25.803
scp_lstm,4,24h,1.0000,25.768,25.768
scp_mc_sigma,4,24h,0.9130,17.923,19.262
aci_lstm,4,24h,0.9247,13.143,14.377
aci_mc_sigma,4,24h,0.9045,11.800,12.552
mc_gauss,4,48h,0.0000,12.753,407.030
scp_lstm,4,48h,0.7250,52.065,65.177
scp_mc_sigma,4,48h,0.0037,34.244,213.709
aci_lstm,4,48h,0.7217,51.346,51.370
aci_mc_sigma,4,48h,0.9012,61.096,64.024
mc_gauss,5,6h,0.5275,13.014,32.871
scp_lstm,5,6h,0.0000,24.798,90.947
scp_mc_sigma,5,6h,0.8768,18.806,21.971
aci_lstm,5,6h,0.2192,31.693,31.717
aci_mc_sigma,5,6h,0.8995,16.317,17.392
mc_gauss,5,12h,0.3290,12.873,69.143
scp_lstm,5,12h,0.0000,42.826,112.019
scp_mc_sigma,5,12h,0.9285,35.768,37.981
aci_lstm,5,12h,0.2418,50.340,50.369
aci_mc_sigma,5,12h,0.9045,20.188,21.294
mc_gauss,5,24h,0.7491,13.120,38.918
scp_lstm,5,24h,0.7000,40.461,62.818
scp_mc_sigma,5,24h,0.9542,32.101,33.357
aci_lstm,5,24h,0.2980,42.742,42.762
aci_mc_sigma,5,24h,0.8993,11.708,12.580
mc_gauss,5,48h,0.0000,12.762,307.626
scp_lstm,5,48h,0.7715,74.343,82.014
scp_mc_sigma,5,48h,0.7497,50.574,75.356
aci_lstm,5,48h,0.4395,61.102,61.112
aci_mc_sigma,5,48h,0.9033,49.716,52.282
mc_gauss,6,6h,0.0020,14.838,250.043
scp_lstm,6,6h,0.0000,24.900,160.887
scp_mc_sigma,6,6h,0.0011,14.331,254.590
aci_lstm,6,6h,0.2183,38.911,38.957
aci_mc_sigma,6,6h,0.9000,45.283,47.564
mc_gauss,6,12h,0.0000,14.767,330.906
scp_lstm,6,12h,0.0000,34.438,150.003
scp_mc_sigma,6,12h,0.0017,20.776,276.859
aci_lstm,6,12h,0.2275,46.661,46.707
aci_mc_sigma,6,12h,0.9000,54.534,57.038
mc_gauss,6,24h,0.0000,15.547,362.725
scp_lstm,6,24h,0.0000,42.248,119.271
scp_mc_sigma,6,24h,0.0041,26.756,261.955
aci_lstm,6,24h,0.2492,50.820,50.862
aci_mc_sigma,6,24h,0.9003,59.073,62.032
mc_gauss,6,48h,0.0000,13.750,444.746
scp_lstm,6,48h,0.7345,60.942,75.279
scp_mc_sigma,6,48h,0.0034,34.228,260.537
aci_lstm,6,48h,0.2987,57.580,57.611
aci_mc_sigma,6,48h,0.9005,66.713,69.840
mc_gauss,8,6h,0.0658,14.766,133.863
scp_lstm,8,6h,0.0000,20.746,76.509
scp_mc_sigma,8,6h,0.0014,9.001,182.985
aci_lstm,8,6h,0.2228,26.558,26.575
aci_mc_sigma,8,6h,0.9005,31.310,33.054
mc_gauss,8,12h,0.0001,14.147,261.179
scp_lstm,8,12h,0.0000,29.212,129.011
scp_mc_sigma,8,12h,0.0006,15.601,248.108
aci_lstm,8,12h,0.2390,39.766,39.800
aci_mc_sigma,8,12h,0.9003,46.138,48.653
mc_gauss,8,24h,0.0000,15.274,386.969
scp_lstm,8,24h,0.0000,40.282,150.919
scp_mc_sigma,8,24h,0.0020,23.930,309.120
aci_lstm,8,24h,0.2499,52.312,52.361
aci_mc_sigma,8,24h,0.9003,62.115,65.414
mc_gauss,8,48h,0.0000,16.577,460.497
scp_lstm,8,48h,0.7255,61.942,85.984
scp_mc_sigma,8,48h,0.0027,34.050,303.325
aci_lstm,8,48h,0.3144,60.294,60.327
aci_mc_sigma,8,48h,0.9003,72.449,76.460
mc_gauss,9,6h,0.7795,15.310,19.769
scp_lstm,9,6h,1.0000,27.007,27.007
scp_mc_sigma,9,6h,0.9986,25.998,26.010
aci_lstm,9,6h,0.9259,13.130,13.902
aci_mc_sigma,9,6h,0.9002,16.132,17.068
mc_gauss,9,12h,0.0000,16.667,263.751
scp_lstm,9,12h,1.0000,37.402,37.402
scp_mc_sigma,9,12h,0.3547,39.612,69.268
aci_lstm,9,12h,0.9235,26.792,27.354
aci_mc_sigma,9,12h,0.8998,48.458,50.930
mc_gauss,9,24h,0.7677,15.107,36.595
scp_lstm,9,24h,1.0000,45.064,45.064
scp_mc_sigma,9,24h,0.9934,42.076,42.195
aci_lstm,9,24h,0.9259,12.698,13.894
aci_mc_sigma,9,24h,0.8996,9.472,10.318
mc_gauss,9,48h,0.0000,20.070,614.074
scp_lstm,9,48h,1.0000,64.241,64.241
scp_mc_sigma,9,48h,0.5912,82.227,116.709
aci_lstm,9,48h,0.9257,36.314,37.498
aci_mc_sigma,9,48h,0.9005,92.985,97.813
mc_gauss,10,6h,0.5955,12.483,23.321
scp_lstm,10,6h,0.1742,9.871,57.524
scp_mc_sigma,10,6h,0.1692,8.661,44.743
aci_lstm,10,6h,0.2059,14.687,14.759
aci_mc_sigma,10,6h,0.8996,14.561,15.462
mc_gauss,10,12h,0.7054,13.757,27.059
scp_lstm,10,12h,1.0000,26.191,26.191
scp_mc_sigma,10,12h,0.9739,26.504,26.925
aci_lstm,10,12h,0.8980,6.909,7.146
aci_mc_sigma,10,12h,0.9016,14.639,15.733
mc_gauss,10,24h,0.7949,11.717,21.869
scp_lstm,10,24h,1.0000,29.337,29.337
scp_mc_sigma,10,24h,0.9884,26.160,26.300
aci_lstm,10,24h,0.4090,9.636,10.762
aci_mc_sigma,10,24h,0.8995,10.497,11.224
mc_gauss,10,48h,0.0000,12.149,303.455
scp_lstm,10,48h,1.0000,51.424,51.424
scp_mc_sigma,10,48h,0.7274,47.591,77.713
aci_lstm,10,48h,0.9152,33.582,34.245
aci_mc_sigma,10,48h,0.9018,48.282,50.558
mc_gauss,11,6h,0.5942,11.082,24.471
scp_lstm,11,6h,0.6145,10.216,29.360
scp_mc_sigma,11,6h,0.2226,7.000,45.942
aci_lstm,11,6h,0.3019,11.083,11.186
aci_mc_sigma,11,6h,0.8995,12.738,13.602
mc_gauss,11,12h,0.7984,11.328,21.837
scp_lstm,11,12h,1.0000,23.474,23.474
scp_mc_sigma,11,12h,0.9310,18.143,19.360
aci_lstm,11,12h,0.8019,6.804,7.469
aci_mc_sigma,11,12h,0.8993,7.805,8.436
mc_gauss,11,24h,0.7638,13.112,24.218
scp_lstm,11,24h,1.0000,25.247,25.247
scp_mc_sigma,11,24h,0.9647,22.678,23.265
aci_lstm,11,24h,0.4175,9.852,11.139
aci_mc_sigma,11,24h,0.8993,11.438,12.297
mc_gauss,11,48h,0.0000,10.249,205.417
scp_lstm,11,48h,1.0000,50.514,50.514
scp_mc_sigma,11,48h,0.5842,29.474,72.997
aci_lstm,11,48h,0.9256,26.880,28.260
aci_mc_sigma,11,48h,0.9038,35.170,36.864
mc_gauss,12,6h,0.0450,18.629,216.805
scp_lstm,12,6h,0.0000,19.212,183.048
scp_mc_sigma,12,6h,0.0007,12.085,274.073
aci_lstm,12,6h,0.2166,35.932,35.986
aci_mc_sigma,12,6h,0.9003,45.326,47.597
mc_gauss,12,12h,0.0000,21.290,538.380
scp_lstm,12,12h,0.0000,35.470,347.359
scp_mc_sigma,12,12h,0.0000,28.579,472.781
aci_lstm,12,12h,0.2175,67.432,67.531
aci_mc_sigma,12,12h,0.9003,85.870,90.080
mc_gauss,12,24h,0.0000,17.893,426.126
scp_lstm,12,24h,0.0000,43.374,162.919
scp_mc_sigma,12,24h,0.0039,32.326,296.349
aci_lstm,12,24h,0.2458,56.212,56.266
aci_mc_sigma,12,24h,0.9002,68.937,72.394
mc_gauss,12,48h,0.0000,24.436,522.853
scp_lstm,12,48h,0.0000,62.557,123.899
scp_mc_sigma,12,48h,0.0049,45.392,334.420
aci_lstm,12,48h,0.2914,70.183,70.245
aci_mc_sigma,12,48h,0.9002,87.496,91.965
mc_gauss,13,6h,0.0093,15.984,238.601
scp_lstm,13,6h,0.0000,15.688,229.908
scp_mc_sigma,13,6h,0.0000,11.170,281.731
aci_lstm,13,6h,0.2195,37.566,37.627
aci_mc_sigma,13,6h,0.9005,45.322,47.882
mc_gauss,13,12h,0.0000,14.996,436.283
scp_lstm,13,12h,0.0000,34.014,261.402
scp_mc_sigma,13,12h,0.0003,22.564,368.179
aci_lstm,13,12h,0.2248,57.676,57.756
aci_mc_sigma,13,12h,0.9003,67.008,70.507
mc_gauss,13,24h,0.0000,13.529,445.845
scp_lstm,13,24h,0.0000,36.366,242.295
scp_mc_sigma,13,24h,0.0006,22.976,360.836
aci_lstm,13,24h,0.2458,58.137,58.219
aci_mc_sigma,13,24h,0.8996,66.478,69.720
mc_gauss,13,48h,0.0000,19.044,622.576
scp_lstm,13,48h,0.0000,67.371,171.054
scp_mc_sigma,13,48h,0.0017,46.858,372.306
aci_lstm,13,48h,0.2859,79.764,79.851
aci_mc_sigma,13,48h,0.8999,93.507,98.096
mc_gauss,14,6h,0.9987,8.818,8.826
scp_lstm,14,6h,1.0000,5.919,5.919
scp_mc_sigma,14,6h,0.7181,3.230,8.442
aci_lstm,14,6h,0.7502,2.641,3.237
aci_mc_sigma,14,6h,0.8993,3.621,4.063
mc_gauss,14,12h,0.4201,11.819,23.858
scp_lstm,14,12h,1.0000,17.206,17.206
scp_mc_sigma,14,12h,0.3309,11.115,27.335
aci_lstm,14,12h,0.8729,13.483,13.495
aci_mc_sigma,14,12h,0.9028,14.653,15.523
mc_gauss,14,24h,0.7624,11.908,22.108
scp_lstm,14,24h,1.0000,25.612,25.612
scp_mc_sigma,14,24h,0.9080,16.023,17.978
aci_lstm,14,24h,0.8783,7.963,8.168
aci_mc_sigma,14,24h,0.8995,8.632,9.344
mc_gauss,14,48h,0.0630,12.530,139.337
scp_lstm,14,48h,1.0000,48.702,48.702
scp_mc_sigma,14,48h,0.7778,33.847,50.098
aci_lstm,14,48h,0.9250,24.374,25.767
aci_mc_sigma,14,48h,0.9035,29.938,31.383
mc_gauss,15,6h,0.5989,15.142,22.797
scp_lstm,15,6h,1.0000,12.867,12.867
scp_mc_sigma,15,6h,0.3329,13.103,31.792
aci_lstm,15,6h,0.8196,10.467,10.487
aci_mc_sigma,15,6h,0.9012,17.049,17.997
mc_gauss,15,12h,0.0000,14.653,295.397
scp_lstm,15,12h,0.0326,22.679,154.449
scp_mc_sigma,15,12h,0.0026,25.070,201.678
aci_lstm,15,12h,0.6342,35.998,36.037
aci_mc_sigma,15,12h,0.9000,50.359,52.969
mc_gauss,15,24h,0.3814,15.915,41.810
scp_lstm,15,24h,1.0000,26.396,26.396
scp_mc_sigma,15,24h,0.9616,29.134,29.787
aci_lstm,15,24h,0.8789,16.902,16.922
aci_mc_sigma,15,24h,0.9010,20.720,21.917
mc_gauss,15,48h,0.0000,14.506,599.183
scp_lstm,15,48h,0.0000,49.934,191.901
scp_mc_sigma,15,48h,0.0036,51.219,268.859
aci_lstm,15,48h,0.2857,64.546,64.595
aci_mc_sigma,15,48h,0.9003,84.993,88.856
