site,horizon_h,train_frac,val_frac,n_seq,cov_aci_immediate,cov_aci_delayed,aci_bias_pp,n_leaking_train_seq,picp_leaky,picp_isolated
Morocco,48,0.6,0.2,3040,0.9111842105263158,0.9967105263157895,-8.552631578947366,564,0.7796052631578947,0.9967105263157895
Morocco,48,0.5,0.25,3040,0.9052631578947369,0.9039473684210526,0.131578947368427,576,0.8921052631578947,0.025
Morocco,48,0.7,0.15,3040,0.918859649122807,0.9978070175438597,-7.8947368421052655,515,0.9824561403508771,0.9978070175438597
Iraq,48,0.6,0.2,23890,0.8978652155713688,0.8800753453327752,1.7789870238593575,528,0.9240267894516534,0.9156550858099624
Iraq,48,0.5,0.25,23890,0.8983760254478487,0.8422903063787042,5.608571906914451,576,0.9810815335677214,0.9685250292985099
Iraq,48,0.7,0.15,23890,0.8973214285714286,0.8568638392857143,4.045758928571431,576,0.9428013392857143,0.9419642857142857
Johannesburg,48,0.6,0.2,8690,0.8993095512082854,0.8987341772151899,0.05753739930954849,48,0.8970080552359033,0.8947065592635213
Johannesburg,48,0.5,0.25,8690,0.8996778647031753,0.8992176714219973,0.046019328117807845,48,0.9019788311090658,0.898297284859641
Johannesburg,48,0.7,0.15,8690,0.8987730061349694,0.8987730061349694,0.0,48,0.906441717791411,0.901840490797546
