method,horizon,gamma,window,picp,mpiw,winkler
aci_persistence,6h,0.005,250,0.9086,20.999,29.524
aci_persistence,6h,0.005,500,0.9140,21.775,36.218
aci_persistence,6h,0.005,1000,0.9102,13.715,31.504
aci_persistence,6h,0.02,250,0.9021,16.600,18.978
aci_persistence,6h,0.02,500,0.9059,12.702,16.102
aci_persistence,6h,0.02,1000,0.9026,10.619,15.464
aci_persistence,6h,0.05,250,0.9010,12.711,14.671
aci_persistence,6h,0.05,500,0.9021,11.468,13.493
aci_persistence,6h,0.05,1000,0.9010,10.909,13.426
aci_persistence,12h,0.005,250,0.9097,25.361,32.110
aci_persistence,12h,0.005,500,0.9129,32.531,45.991
aci_persistence,12h,0.005,1000,0.9195,21.584,36.283
aci_persistence,12h,0.02,250,0.9070,22.147,24.483
aci_persistence,12h,0.02,500,0.9097,20.083,23.319
aci_persistence,12h,0.02,1000,0.9102,16.864,20.717
aci_persistence,12h,0.05,250,0.9032,19.016,21.073
aci_persistence,12h,0.05,500,0.9037,16.855,18.881
aci_persistence,12h,0.05,1000,0.9037,15.779,18.185
aci_persistence,24h,0.005,250,0.9108,33.249,38.416
aci_persistence,24h,0.005,500,0.9108,39.394,50.632
aci_persistence,24h,0.005,1000,0.9238,37.442,46.268
aci_persistence,24h,0.02,250,0.9086,29.771,31.834
aci_persistence,24h,0.02,500,0.9129,31.432,34.243
aci_persistence,24h,0.02,1000,0.9157,26.922,29.588
aci_persistence,24h,0.05,250,0.9042,27.150,29.183
aci_persistence,24h,0.05,500,0.9048,26.547,28.791
aci_persistence,24h,0.05,1000,0.9064,24.887,27.105
aci_persistence,48h,0.005,250,0.8934,47.642,58.945
aci_persistence,48h,0.005,500,0.8999,52.181,60.114
aci_persistence,48h,0.005,1000,0.9108,50.283,58.912
aci_persistence,48h,0.02,250,0.8961,46.439,51.310
aci_persistence,48h,0.02,500,0.9075,47.247,51.920
aci_persistence,48h,0.02,1000,0.9173,43.356,47.191
aci_persistence,48h,0.05,250,0.8977,45.215,47.739
aci_persistence,48h,0.05,500,0.9042,44.972,47.884
aci_persistence,48h,0.05,1000,0.9070,40.135,42.801
