method,level,horizon,picp_mean,picp_std,mpiw_mean,mpiw_std,winkler_mean,winkler_std,n_seeds
scp_persistence,0.9,6h,0.7552,0.0000,4.000,0.000,54.493,0.000,1
aci_persistence,0.9,6h,0.9059,0.0000,12.702,0.000,16.102,0.000,1
scp_ridge,0.9,6h,0.3471,0.0000,7.165,0.000,60.020,0.000,1
aci_ridge,0.9,6h,0.7095,0.0000,41.450,0.000,42.348,0.000,1
mc_gauss,0.9,6h,0.5467,0.0410,23.811,2.856,91.540,23.511,20
mc_quant,0.9,6h,0.5258,0.0153,22.679,2.705,104.426,23.376,20
scp_lstm,0.9,6h,0.3127,0.1356,6.476,1.758,158.223,28.475,20
scp_mc_sigma,0.9,6h,0.3767,0.0905,8.771,1.629,154.374,25.420,20
aci_lstm,0.9,6h,0.7725,0.0840,41.549,10.083,44.669,7.375,20
aci_mc_sigma,0.9,6h,0.9096,0.0008,30.573,3.050,33.060,2.565,20
scp_persistence,0.9,12h,0.5517,0.0000,4.000,0.000,94.265,0.000,1
aci_persistence,0.9,12h,0.9097,0.0000,20.083,0.000,23.319,0.000,1
scp_ridge,0.9,12h,0.4385,0.0000,13.331,0.000,74.847,0.000,1
aci_ridge,0.9,12h,0.7339,0.0000,41.547,0.000,42.132,0.000,1
mc_gauss,0.9,12h,0.5479,0.0603,22.804,3.088,118.158,33.563,20
mc_quant,0.9,12h,0.5364,0.0434,21.707,2.916,130.106,33.884,20
scp_lstm,0.9,12h,0.3543,0.0985,8.733,1.578,166.762,23.574,20
scp_mc_sigma,0.9,12h,0.4252,0.0305,11.457,1.277,163.157,29.592,20
aci_lstm,0.9,12h,0.8411,0.0759,37.444,8.437,44.372,3.356,20
aci_mc_sigma,0.9,12h,0.9063,0.0011,33.425,3.555,36.592,3.550,20
scp_persistence,0.9,24h,0.6192,0.0000,12.000,0.000,136.636,0.000,1
aci_persistence,0.9,24h,0.9129,0.0000,31.432,0.000,34.243,0.000,1
scp_ridge,0.9,24h,0.7628,0.0000,29.174,0.000,56.880,0.000,1
aci_ridge,0.9,24h,0.8248,0.0000,51.214,0.000,51.627,0.000,1
mc_gauss,0.9,24h,0.5450,0.0669,23.698,3.873,123.492,32.646,20
mc_quant,0.9,24h,0.5229,0.0467,22.587,3.669,134.495,32.806,20
scp_lstm,0.9,24h,0.3828,0.0598,16.760,3.261,146.599,30.205,20
scp_mc_sigma,0.9,24h,0.4678,0.0355,19.170,2.025,140.238,31.038,20
aci_lstm,0.9,24h,0.7660,0.0421,49.429,2.972,49.860,3.026,20
aci_mc_sigma,0.9,24h,0.9008,0.0029,39.772,4.139,43.273,4.680,20
scp_persistence,0.9,48h,0.3379,0.0000,13.943,0.000,223.540,0.000,1
aci_persistence,0.9,48h,0.9075,0.0000,47.247,0.000,51.920,0.000,1
scp_ridge,0.9,48h,0.4461,0.0000,14.496,0.000,91.589,0.000,1
aci_ridge,0.9,48h,0.9053,0.0000,29.766,0.000,34.202,0.000,1
mc_gauss,0.9,48h,0.4137,0.0875,20.893,2.912,153.344,26.662,20
mc_quant,0.9,48h,0.3825,0.0770,19.921,2.765,167.938,26.537,20
scp_lstm,0.9,48h,0.3562,0.0757,13.496,0.762,187.001,27.492,20
scp_mc_sigma,0.9,48h,0.3748,0.0694,17.410,1.608,171.140,27.241,20
aci_lstm,0.9,48h,0.8782,0.0121,52.043,5.166,55.560,6.149,20
aci_mc_sigma,0.9,48h,0.9006,0.0023,41.277,3.308,46.477,4.134,20
scp_persistence,0.95,6h,0.8003,0.0000,4.000,0.000,104.986,0.000,1
aci_persistence,0.95,6h,0.9576,0.0000,21.349,0.000,25.818,0.000,1
scp_ridge,0.95,6h,0.3656,0.0000,7.960,0.000,103.412,0.000,1
aci_ridge,0.95,6h,0.7095,0.0000,41.451,0.000,43.228,0.000,1
mc_gauss,0.95,6h,0.6215,0.1028,28.372,3.403,126.521,44.062,20
mc_quant,0.95,6h,0.5481,0.0269,26.186,3.133,167.016,47.308,20
scp_lstm,0.95,6h,0.3944,0.1105,8.699,1.620,284.135,54.601,20
scp_mc_sigma,0.95,6h,0.4587,0.0513,12.715,2.269,258.273,51.807,20
aci_lstm,0.95,6h,0.7850,0.1024,43.285,8.009,47.286,4.584,20
aci_mc_sigma,0.95,6h,0.9597,0.0006,36.896,3.917,39.627,3.271,20
scp_persistence,0.95,12h,0.8030,0.0000,12.000,0.000,150.024,0.000,1
aci_persistence,0.95,12h,0.9597,0.0000,31.372,0.000,35.176,0.000,1
scp_ridge,0.95,12h,0.4712,0.0000,14.830,0.000,121.564,0.000,1
aci_ridge,0.95,12h,0.7339,0.0000,41.549,0.000,42.682,0.000,1
mc_gauss,0.95,12h,0.5807,0.0951,27.173,3.680,181.075,67.032,20
mc_quant,0.95,12h,0.5544,0.0613,25.043,3.384,221.046,70.128,20
scp_lstm,0.95,12h,0.4274,0.0756,12.990,1.362,279.674,46.483,20
scp_mc_sigma,0.95,12h,0.4972,0.0234,17.325,1.604,259.040,57.818,20
aci_lstm,0.95,12h,0.8641,0.0960,39.942,6.029,46.446,2.700,20
aci_mc_sigma,0.95,12h,0.9567,0.0013,39.013,3.774,41.964,3.943,20
scp_persistence,0.95,24h,0.6192,0.0000,12.000,0.000,261.271,0.000,1
aci_persistence,0.95,24h,0.9592,0.0000,39.149,0.000,42.891,0.000,1
scp_ridge,0.95,24h,0.8090,0.0000,32.934,0.000,72.706,0.000,1
aci_ridge,0.95,24h,0.8248,0.0000,51.218,0.000,51.962,0.000,1
mc_gauss,0.95,24h,0.6109,0.0825,28.238,4.615,190.975,65.624,20
mc_quant,0.95,24h,0.5678,0.0533,26.078,4.264,226.131,68.451,20
scp_lstm,0.95,24h,0.3933,0.0618,18.277,4.124,260.317,69.617,20
scp_mc_sigma,0.95,24h,0.5056,0.0291,21.204,2.211,242.377,63.780,20
aci_lstm,0.95,24h,0.7660,0.0421,49.431,2.971,50.259,3.087,20
aci_mc_sigma,0.95,24h,0.9512,0.0024,45.243,4.984,48.484,5.384,20
scp_persistence,0.95,48h,0.3384,0.0000,14.000,0.000,432.437,0.000,1
aci_persistence,0.95,48h,0.9467,0.0000,53.757,0.000,60.202,0.000,1
scp_ridge,0.95,48h,0.4777,0.0000,15.592,0.000,157.911,0.000,1
aci_ridge,0.95,48h,0.9445,0.0000,38.400,0.000,41.240,0.000,1
mc_gauss,0.95,48h,0.4780,0.0977,24.895,3.470,244.691,52.557,20
mc_quant,0.95,48h,0.4134,0.0861,23.057,3.203,289.694,53.282,20
scp_lstm,0.95,48h,0.3637,0.0741,14.272,0.843,351.200,53.967,20
scp_mc_sigma,0.95,48h,0.3959,0.0797,19.278,1.801,303.256,54.404,20
aci_lstm,0.95,48h,0.8925,0.0191,56.897,4.947,58.579,5.097,20
aci_mc_sigma,0.95,48h,0.9507,0.0018,48.896,3.834,54.335,4.711,20
