method,horizon,n_events,irr_rate,miss_rate,fa_rate,cost_r5,cost_r10,cost_r20,cost_r50
oracle,6h,458,0.2661,0.0000,0.0000,0.2661,0.2661,0.2661,0.2661
never_irrigate,6h,458,0.0000,1.0000,0.0000,1.3306,2.6612,5.3225,13.3062
mc_gauss,6h,458,0.0536,0.9459,0.0392,1.3121,2.5707,5.0879,12.6393
scp_persistence,6h,458,0.9640,0.0371,0.7077,1.0134,1.0628,1.1615,1.4579
enbpi_ridge,6h,458,1.0000,0.0000,0.7339,1.0000,1.0000,1.0000,1.0000
aci_persistence,6h,458,0.9628,0.0284,0.7042,1.0006,1.0383,1.1139,1.3405
aci_mc_sigma,6h,458,1.0000,0.0000,0.7339,1.0000,1.0000,1.0000,1.0000
aci_ens_sigma,6h,458,1.0000,0.0000,0.7339,1.0000,1.0000,1.0000,1.0000
oracle,12h,461,0.2679,0.0000,0.0000,0.2679,0.2679,0.2679,0.2679
never_irrigate,12h,461,0.0000,1.0000,0.0000,1.3393,2.6787,5.3574,13.3934
mc_gauss,12h,461,0.0501,0.9501,0.0368,1.3226,2.5951,5.1402,12.7753
scp_persistence,12h,461,0.9692,0.0347,0.7106,1.0157,1.0622,1.1551,1.4340
enbpi_ridge,12h,461,1.0000,0.0000,0.7321,1.0000,1.0000,1.0000,1.0000
aci_persistence,12h,461,0.9779,0.0282,0.7176,1.0157,1.0535,1.1290,1.3556
aci_mc_sigma,12h,461,1.0000,0.0000,0.7321,1.0000,1.0000,1.0000,1.0000
aci_ens_sigma,12h,461,1.0000,0.0000,0.7321,1.0000,1.0000,1.0000,1.0000
oracle,24h,463,0.2690,0.0000,0.0000,0.2690,0.2690,0.2690,0.2690
never_irrigate,24h,463,0.0000,1.0000,0.0000,1.3451,2.6903,5.3806,13.4515
mc_gauss,24h,463,0.0509,0.9491,0.0372,1.3277,2.6044,5.1578,12.8182
scp_persistence,24h,463,0.9756,0.0259,0.7135,1.0105,1.0453,1.1150,1.3242
enbpi_ridge,24h,463,1.0000,0.0000,0.7310,1.0000,1.0000,1.0000,1.0000
aci_persistence,24h,463,0.9744,0.0238,0.7118,1.0064,1.0383,1.1023,1.2940
aci_mc_sigma,24h,463,1.0000,0.0000,0.7310,1.0000,1.0000,1.0000,1.0000
aci_ens_sigma,24h,463,1.0000,0.0000,0.7310,1.0000,1.0000,1.0000,1.0000
oracle,48h,470,0.2731,0.0000,0.0000,0.2731,0.2731,0.2731,0.2731
never_irrigate,48h,470,0.0000,1.0000,0.0000,1.3655,2.7310,5.4619,13.6549
mc_gauss,48h,470,0.0532,0.9470,0.0388,1.3464,2.6395,5.2258,12.9847
scp_persistence,48h,470,0.9553,0.0511,0.6961,1.0250,1.0947,1.2342,1.6525
enbpi_ridge,48h,470,1.0000,0.0000,0.7269,1.0000,1.0000,1.0000,1.0000
aci_persistence,48h,470,0.9762,0.0277,0.7106,1.0139,1.0517,1.1273,1.3539
aci_mc_sigma,48h,470,1.0000,0.0000,0.7269,1.0000,1.0000,1.0000,1.0000
aci_ens_sigma,48h,470,1.0000,0.0000,0.7269,1.0000,1.0000,1.0000,1.0000
