threshold_pct,tau,method,horizon,n_events,irr_rate,miss_rate,fa_rate,cost_r1,cost_r2,cost_r5,cost_r10,cost_r20,cost_r50,cost_r100
10,31.4681,oracle,6h,182,0.1058,0.0000,0.0000,0.1058,0.1058,0.1058,0.1058,0.1058,0.1058,0.1058
10,31.4681,always_irrigate,6h,182,1.0000,0.0000,0.8942,1.0000,1.0000,1.0000,1.0000,1.0000,1.0000,1.0000
10,31.4681,never_irrigate,6h,182,0.0000,1.0000,0.0000,0.1058,0.2115,0.5288,1.0575,2.1150,5.2876,10.5752
10,31.4681,mc_gauss,6h,182,0.0003,0.9997,0.0003,0.1060,0.2118,0.5289,1.0576,2.1148,5.2865,10.5727
10,31.4681,scp_persistence,6h,182,0.7682,0.2802,0.6920,0.7978,0.8274,0.9163,1.0645,1.3608,2.2499,3.7316
10,31.4681,enbpi_ridge,6h,182,0.9425,0.0275,0.8396,0.9454,0.9483,0.9570,0.9715,1.0006,1.0877,1.2330
10,31.4681,aci_persistence,6h,182,0.7780,0.2473,0.6984,0.8042,0.8303,0.9088,1.0395,1.3010,2.0854,3.3928
10,31.4681,aci_mc_sigma,6h,182,0.9078,0.0871,0.8113,0.9171,0.9263,0.9539,0.9999,1.0920,1.3683,1.8288
10,31.4681,aci_ens_sigma,6h,182,0.9971,0.0000,0.8913,0.9971,0.9971,0.9971,0.9971,0.9971,0.9971,0.9971
10,31.4681,oracle,12h,183,0.1063,0.0000,0.0000,0.1063,0.1063,0.1063,0.1063,0.1063,0.1063,0.1063
10,31.4681,always_irrigate,12h,183,1.0000,0.0000,0.8937,1.0000,1.0000,1.0000,1.0000,1.0000,1.0000,1.0000
10,31.4681,never_irrigate,12h,183,0.0000,1.0000,0.0000,0.1063,0.2127,0.5317,1.0633,2.1267,5.3167,10.6334
10,31.4681,mc_gauss,12h,183,0.0042,0.9959,0.0037,0.1101,0.2160,0.5337,1.0632,2.1221,5.2991,10.5940
10,31.4681,scp_persistence,12h,183,0.7780,0.2678,0.7002,0.8065,0.8350,0.9204,1.0628,1.3475,2.2016,3.6252
10,31.4681,enbpi_ridge,12h,183,0.9372,0.0656,0.8379,0.9442,0.9512,0.9721,1.0070,1.0767,1.2859,1.6345
10,31.4681,aci_persistence,12h,183,0.8024,0.2459,0.7223,0.8286,0.8547,0.9332,1.0639,1.3254,2.1098,3.4172
10,31.4681,aci_mc_sigma,12h,183,0.9073,0.0934,0.8109,0.9172,0.9272,0.9570,1.0067,1.1060,1.4041,1.9009
10,31.4681,aci_ens_sigma,12h,183,1.0000,0.0000,0.8937,1.0000,1.0000,1.0000,1.0000,1.0000,1.0000,1.0000
10,31.4681,oracle,24h,183,0.1063,0.0000,0.0000,0.1063,0.1063,0.1063,0.1063,0.1063,0.1063,0.1063
10,31.4681,always_irrigate,24h,183,1.0000,0.0000,0.8937,1.0000,1.0000,1.0000,1.0000,1.0000,1.0000,1.0000
10,31.4681,never_irrigate,24h,183,0.0000,1.0000,0.0000,0.1063,0.2127,0.5317,1.0633,2.1267,5.3167,10.6334
10,31.4681,mc_gauss,24h,183,0.0076,0.9918,0.0067,0.1130,0.2185,0.5349,1.0622,2.1168,5.2807,10.5538
10,31.4681,scp_persistence,24h,183,0.7879,0.2240,0.7054,0.8117,0.8356,0.9070,1.0261,1.2644,1.9791,3.1702
10,31.4681,enbpi_ridge,24h,183,0.9558,0.0546,0.8553,0.9617,0.9675,0.9849,1.0139,1.0721,1.2464,1.5369
10,31.4681,aci_persistence,24h,183,0.8024,0.1967,0.7170,0.8234,0.8443,0.9070,1.0116,1.2208,1.8483,2.8942
10,31.4681,aci_mc_sigma,24h,183,0.9108,0.0825,0.8133,0.9196,0.9284,0.9547,0.9986,1.0863,1.3495,1.7882
10,31.4681,aci_ens_sigma,24h,183,0.9983,0.0000,0.8919,0.9983,0.9983,0.9983,0.9983,0.9983,0.9983,0.9983
10,31.4681,oracle,48h,185,0.1075,0.0000,0.0000,0.1075,0.1075,0.1075,0.1075,0.1075,0.1075,0.1075
10,31.4681,always_irrigate,48h,185,1.0000,0.0000,0.8925,1.0000,1.0000,1.0000,1.0000,1.0000,1.0000,1.0000
10,31.4681,never_irrigate,48h,185,0.0000,1.0000,0.0000,0.1075,0.2150,0.5375,1.0750,2.1499,5.3748,10.7496
10,31.4681,mc_gauss,48h,185,0.0001,1.0000,0.0001,0.1076,0.2151,0.5376,1.0750,2.1500,5.3749,10.7497
10,31.4681,scp_persistence,48h,185,0.7635,0.2973,0.6880,0.7955,0.8274,0.9233,1.0831,1.4027,2.3614,3.9593
10,31.4681,enbpi_ridge,48h,185,0.9233,0.0649,0.8228,0.9303,0.9372,0.9582,0.9930,1.0628,1.2719,1.6206
10,31.4681,aci_persistence,48h,185,0.7908,0.2432,0.7095,0.8170,0.8431,0.9216,1.0523,1.3138,2.0982,3.4056
10,31.4681,aci_mc_sigma,48h,185,0.9011,0.0892,0.8032,0.9107,0.9203,0.9491,0.9970,1.0929,1.3805,1.8599
10,31.4681,aci_ens_sigma,48h,185,0.9971,0.0000,0.8896,0.9971,0.9971,0.9971,0.9971,0.9971,0.9971,0.9971
15,37.2078,oracle,6h,267,0.1551,0.0000,0.0000,0.1551,0.1551,0.1551,0.1551,0.1551,0.1551,0.1551
15,37.2078,always_irrigate,6h,267,1.0000,0.0000,0.8449,1.0000,1.0000,1.0000,1.0000,1.0000,1.0000,1.0000
15,37.2078,never_irrigate,6h,267,0.0000,1.0000,0.0000,0.1551,0.3103,0.7757,1.5514,3.1028,7.7571,15.5142
15,37.2078,mc_gauss,6h,267,0.0117,0.9878,0.0098,0.1649,0.3182,0.7779,1.5442,3.0768,7.6744,15.3371
15,37.2078,scp_persistence,6h,267,0.8489,0.1573,0.7182,0.8733,0.8977,0.9709,1.0930,1.3370,2.0691,3.2894
15,37.2078,enbpi_ridge,6h,267,0.9971,0.0037,0.8425,0.9977,0.9983,1.0000,1.0029,1.0087,1.0261,1.0552
15,37.2078,aci_persistence,6h,267,0.8542,0.1498,0.7223,0.8774,0.9006,0.9704,1.0866,1.3190,2.0163,3.1784
15,37.2078,aci_mc_sigma,6h,267,0.9976,0.0022,0.8429,0.9980,0.9983,0.9994,1.0011,1.0046,1.0151,1.0325
15,37.2078,aci_ens_sigma,6h,267,1.0000,0.0000,0.8449,1.0000,1.0000,1.0000,1.0000,1.0000,1.0000,1.0000
15,37.2078,oracle,12h,268,0.1557,0.0000,0.0000,0.1557,0.1557,0.1557,0.1557,0.1557,0.1557,0.1557
15,37.2078,always_irrigate,12h,268,1.0000,0.0000,0.8443,1.0000,1.0000,1.0000,1.0000,1.0000,1.0000,1.0000
15,37.2078,never_irrigate,12h,268,0.0000,1.0000,0.0000,0.1557,0.3114,0.7786,1.5572,3.1145,7.7862,15.5723
15,37.2078,mc_gauss,12h,268,0.0280,0.9724,0.0237,0.1794,0.3309,0.7851,1.5422,3.0565,7.5992,15.1704
15,37.2078,scp_persistence,12h,268,0.8542,0.1716,0.7252,0.8809,0.9076,0.9878,1.1214,1.3887,2.1906,3.5270
15,37.2078,enbpi_ridge,12h,268,0.9983,0.0037,0.8431,0.9988,0.9994,1.0012,1.0041,1.0099,1.0273,1.0564
15,37.2078,aci_persistence,12h,268,0.8780,0.1455,0.7449,0.9006,0.9233,0.9913,1.1046,1.3312,2.0110,3.1441
15,37.2078,aci_mc_sigma,12h,268,0.9974,0.0030,0.8422,0.9979,0.9984,0.9998,1.0021,1.0067,1.0207,1.0439
15,37.2078,aci_ens_sigma,12h,268,1.0000,0.0000,0.8443,1.0000,1.0000,1.0000,1.0000,1.0000,1.0000,1.0000
15,37.2078,oracle,24h,270,0.1569,0.0000,0.0000,0.1569,0.1569,0.1569,0.1569,0.1569,0.1569,0.1569
15,37.2078,always_irrigate,24h,270,1.0000,0.0000,0.8431,1.0000,1.0000,1.0000,1.0000,1.0000,1.0000,1.0000
15,37.2078,never_irrigate,24h,270,0.0000,1.0000,0.0000,0.1569,0.3138,0.7844,1.5689,3.1377,7.8443,15.6886
15,37.2078,mc_gauss,24h,270,0.0335,0.9672,0.0284,0.1853,0.3370,0.7922,1.5510,3.0684,7.6207,15.2078
15,37.2078,scp_persistence,24h,270,0.8611,0.1296,0.7246,0.8815,0.9018,0.9628,1.0645,1.2679,1.8780,2.8948
15,37.2078,enbpi_ridge,24h,270,1.0000,0.0000,0.8431,1.0000,1.0000,1.0000,1.0000,1.0000,1.0000,1.0000
15,37.2078,aci_persistence,24h,270,0.8809,0.1222,0.7432,0.9001,0.9192,0.9768,1.0726,1.2644,1.8396,2.7984
15,37.2078,aci_mc_sigma,24h,270,0.9973,0.0028,0.8408,0.9977,0.9981,0.9994,1.0016,1.0060,1.0191,1.0408
15,37.2078,aci_ens_sigma,24h,270,1.0000,0.0000,0.8431,1.0000,1.0000,1.0000,1.0000,1.0000,1.0000,1.0000
15,37.2078,oracle,48h,275,0.1598,0.0000,0.0000,0.1598,0.1598,0.1598,0.1598,0.1598,0.1598,0.1598
15,37.2078,always_irrigate,48h,275,1.0000,0.0000,0.8402,1.0000,1.0000,1.0000,1.0000,1.0000,1.0000,1.0000
15,37.2078,never_irrigate,48h,275,0.0000,1.0000,0.0000,0.1598,0.3196,0.7990,1.5979,3.1958,7.9895,15.9791
15,37.2078,mc_gauss,48h,275,0.0069,0.9933,0.0058,0.1656,0.3243,0.8005,1.5940,3.1812,7.9427,15.8785
15,37.2078,scp_persistence,48h,275,0.8425,0.1855,0.7124,0.8722,0.9018,0.9907,1.1389,1.4352,2.3242,3.8059
15,37.2078,enbpi_ridge,48h,275,0.9994,0.0000,0.8396,0.9994,0.9994,0.9994,0.9994,0.9994,0.9994,0.9994
15,37.2078,aci_persistence,48h,275,0.8629,0.1455,0.7263,0.8861,0.9094,0.9791,1.0953,1.3277,2.0250,3.1871
15,37.2078,aci_mc_sigma,48h,275,0.9963,0.0027,0.8369,0.9967,0.9972,0.9985,1.0006,1.0050,1.0181,1.0399
15,37.2078,aci_ens_sigma,48h,275,1.0000,0.0000,0.8402,1.0000,1.0000,1.0000,1.0000,1.0000,1.0000,1.0000
20,41.9507,oracle,6h,365,0.2121,0.0000,0.0000,0.2121,0.2121,0.2121,0.2121,0.2121,0.2121,0.2121
20,41.9507,always_irrigate,6h,365,1.0000,0.0000,0.7879,1.0000,1.0000,1.0000,1.0000,1.0000,1.0000,1.0000
20,41.9507,never_irrigate,6h,365,0.0000,1.0000,0.0000,0.2121,0.4242,1.0604,2.1209,4.2417,10.6043,21.2086
20,41.9507,mc_gauss,6h,365,0.0390,0.9612,0.0308,0.2429,0.4467,1.0583,2.0777,4.1163,10.2322,20.4254
20,41.9507,scp_persistence,6h,365,0.9030,0.0904,0.7101,0.9221,0.9413,0.9988,1.0947,1.2865,1.8617,2.8205
20,41.9507,enbpi_ridge,6h,365,1.0000,0.0000,0.7879,1.0000,1.0000,1.0000,1.0000,1.0000,1.0000,1.0000
20,41.9507,aci_persistence,6h,365,0.9198,0.0740,0.7234,0.9355,0.9512,0.9983,1.0767,1.2336,1.7042,2.4887
20,41.9507,aci_mc_sigma,6h,365,1.0000,0.0000,0.7879,1.0000,1.0000,1.0000,1.0000,1.0000,1.0000,1.0000
20,41.9507,aci_ens_sigma,6h,365,1.0000,0.0000,0.7879,1.0000,1.0000,1.0000,1.0000,1.0000,1.0000,1.0000
20,41.9507,oracle,12h,367,0.2132,0.0000,0.0000,0.2132,0.2132,0.2132,0.2132,0.2132,0.2132,0.2132
20,41.9507,always_irrigate,12h,367,1.0000,0.0000,0.7868,1.0000,1.0000,1.0000,1.0000,1.0000,1.0000,1.0000
20,41.9507,never_irrigate,12h,367,0.0000,1.0000,0.0000,0.2132,0.4265,1.0662,2.1325,4.2650,10.6624,21.3248
20,41.9507,mc_gauss,12h,367,0.0455,0.9554,0.0360,0.2492,0.4530,1.0642,2.0830,4.1205,10.2329,20.4203
20,41.9507,scp_persistence,12h,367,0.9082,0.0981,0.7159,0.9291,0.9500,1.0128,1.1174,1.3266,1.9541,3.0000
20,41.9507,enbpi_ridge,12h,367,1.0000,0.0000,0.7868,1.0000,1.0000,1.0000,1.0000,1.0000,1.0000,1.0000
20,41.9507,aci_persistence,12h,367,0.9378,0.0708,0.7397,0.9529,0.9680,1.0134,1.0889,1.2400,1.6932,2.4486
20,41.9507,aci_mc_sigma,12h,367,1.0000,0.0000,0.7868,1.0000,1.0000,1.0000,1.0000,1.0000,1.0000,1.0000
20,41.9507,aci_ens_sigma,12h,367,1.0000,0.0000,0.7868,1.0000,1.0000,1.0000,1.0000,1.0000,1.0000,1.0000
20,41.9507,oracle,24h,369,0.2144,0.0000,0.0000,0.2144,0.2144,0.2144,0.2144,0.2144,0.2144,0.2144
20,41.9507,always_irrigate,24h,369,1.0000,0.0000,0.7856,1.0000,1.0000,1.0000,1.0000,1.0000,1.0000,1.0000
20,41.9507,never_irrigate,24h,369,0.0000,1.0000,0.0000,0.2144,0.4288,1.0721,2.1441,4.2882,10.7205,21.4410
20,41.9507,mc_gauss,24h,369,0.0476,0.9523,0.0374,0.2518,0.4560,1.0685,2.0895,4.1313,10.2568,20.4660
20,41.9507,scp_persistence,24h,369,0.9181,0.0813,0.7211,0.9355,0.9529,1.0052,1.0924,1.2667,1.7897,2.6612
20,41.9507,enbpi_ridge,24h,369,1.0000,0.0000,0.7856,1.0000,1.0000,1.0000,1.0000,1.0000,1.0000,1.0000
20,41.9507,aci_persistence,24h,369,0.9407,0.0596,0.7391,0.9535,0.9663,1.0046,1.0686,1.1964,1.5799,2.2191
20,41.9507,aci_mc_sigma,24h,369,1.0000,0.0000,0.7856,1.0000,1.0000,1.0000,1.0000,1.0000,1.0000,1.0000
20,41.9507,aci_ens_sigma,24h,369,1.0000,0.0000,0.7856,1.0000,1.0000,1.0000,1.0000,1.0000,1.0000,1.0000
20,41.9507,oracle,48h,376,0.2185,0.0000,0.0000,0.2185,0.2185,0.2185,0.2185,0.2185,0.2185,0.2185
20,41.9507,always_irrigate,48h,376,1.0000,0.0000,0.7815,1.0000,1.0000,1.0000,1.0000,1.0000,1.0000,1.0000
20,41.9507,never_irrigate,48h,376,0.0000,1.0000,0.0000,0.2185,0.4370,1.0924,2.1848,4.3696,10.9239,21.8478
20,41.9507,mc_gauss,48h,376,0.0322,0.9676,0.0251,0.2436,0.4549,1.0891,2.1460,4.2599,10.6016,21.1710
20,41.9507,scp_persistence,48h,376,0.8960,0.1011,0.6996,0.9181,0.9402,1.0064,1.1168,1.3376,2.0000,3.1040
20,41.9507,enbpi_ridge,48h,376,1.0000,0.0000,0.7815,1.0000,1.0000,1.0000,1.0000,1.0000,1.0000,1.0000
20,41.9507,aci_persistence,48h,376,0.9297,0.0718,0.7269,0.9454,0.9611,1.0081,1.0866,1.2435,1.7141,2.4985
20,41.9507,aci_mc_sigma,48h,376,1.0000,0.0000,0.7815,1.0000,1.0000,1.0000,1.0000,1.0000,1.0000,1.0000
20,41.9507,aci_ens_sigma,48h,376,1.0000,0.0000,0.7815,1.0000,1.0000,1.0000,1.0000,1.0000,1.0000,1.0000
25,46.3177,oracle,6h,458,0.2661,0.0000,0.0000,0.2661,0.2661,0.2661,0.2661,0.2661,0.2661,0.2661
25,46.3177,always_irrigate,6h,458,1.0000,0.0000,0.7339,1.0000,1.0000,1.0000,1.0000,1.0000,1.0000,1.0000
25,46.3177,never_irrigate,6h,458,0.0000,1.0000,0.0000,0.2661,0.5322,1.3306,2.6612,5.3225,13.3062,26.6124
25,46.3177,mc_gauss,6h,458,0.0536,0.9459,0.0392,0.3053,0.5570,1.3121,2.5707,5.0879,12.6393,25.2250
25,46.3177,scp_persistence,6h,458,0.9640,0.0371,0.7077,0.9739,0.9837,1.0134,1.0628,1.1615,1.4579,1.9518
25,46.3177,enbpi_ridge,6h,458,1.0000,0.0000,0.7339,1.0000,1.0000,1.0000,1.0000,1.0000,1.0000,1.0000
25,46.3177,aci_persistence,6h,458,0.9628,0.0284,0.7042,0.9704,0.9779,1.0006,1.0383,1.1139,1.3405,1.7182
25,46.3177,aci_mc_sigma,6h,458,1.0000,0.0000,0.7339,1.0000,1.0000,1.0000,1.0000,1.0000,1.0000,1.0000
25,46.3177,aci_ens_sigma,6h,458,1.0000,0.0000,0.7339,1.0000,1.0000,1.0000,1.0000,1.0000,1.0000,1.0000
25,46.3177,oracle,12h,461,0.2679,0.0000,0.0000,0.2679,0.2679,0.2679,0.2679,0.2679,0.2679,0.2679
25,46.3177,always_irrigate,12h,461,1.0000,0.0000,0.7321,1.0000,1.0000,1.0000,1.0000,1.0000,1.0000,1.0000
25,46.3177,never_irrigate,12h,461,0.0000,1.0000,0.0000,0.2679,0.5357,1.3393,2.6787,5.3574,13.3934,26.7868
25,46.3177,mc_gauss,12h,461,0.0501,0.9501,0.0368,0.3046,0.5591,1.3226,2.5951,5.1402,12.7753,25.5004
25,46.3177,scp_persistence,12h,461,0.9692,0.0347,0.7106,0.9785,0.9878,1.0157,1.0622,1.1551,1.4340,1.8989
25,46.3177,enbpi_ridge,12h,461,1.0000,0.0000,0.7321,1.0000,1.0000,1.0000,1.0000,1.0000,1.0000,1.0000
25,46.3177,aci_persistence,12h,461,0.9779,0.0282,0.7176,0.9855,0.9930,1.0157,1.0535,1.1290,1.3556,1.7333
25,46.3177,aci_mc_sigma,12h,461,1.0000,0.0000,0.7321,1.0000,1.0000,1.0000,1.0000,1.0000,1.0000,1.0000
25,46.3177,aci_ens_sigma,12h,461,1.0000,0.0000,0.7321,1.0000,1.0000,1.0000,1.0000,1.0000,1.0000,1.0000
25,46.3177,oracle,24h,463,0.2690,0.0000,0.0000,0.2690,0.2690,0.2690,0.2690,0.2690,0.2690,0.2690
25,46.3177,always_irrigate,24h,463,1.0000,0.0000,0.7310,1.0000,1.0000,1.0000,1.0000,1.0000,1.0000,1.0000
25,46.3177,never_irrigate,24h,463,0.0000,1.0000,0.0000,0.2690,0.5381,1.3451,2.6903,5.3806,13.4515,26.9030
25,46.3177,mc_gauss,24h,463,0.0509,0.9491,0.0372,0.3063,0.5616,1.3277,2.6044,5.1578,12.8182,25.5855
25,46.3177,scp_persistence,24h,463,0.9756,0.0259,0.7135,0.9826,0.9895,1.0105,1.0453,1.1150,1.3242,1.6729
25,46.3177,enbpi_ridge,24h,463,1.0000,0.0000,0.7310,1.0000,1.0000,1.0000,1.0000,1.0000,1.0000,1.0000
25,46.3177,aci_persistence,24h,463,0.9744,0.0238,0.7118,0.9808,0.9872,1.0064,1.0383,1.1023,1.2940,1.6136
25,46.3177,aci_mc_sigma,24h,463,1.0000,0.0000,0.7310,1.0000,1.0000,1.0000,1.0000,1.0000,1.0000,1.0000
25,46.3177,aci_ens_sigma,24h,463,1.0000,0.0000,0.7310,1.0000,1.0000,1.0000,1.0000,1.0000,1.0000,1.0000
25,46.3177,oracle,48h,470,0.2731,0.0000,0.0000,0.2731,0.2731,0.2731,0.2731,0.2731,0.2731,0.2731
25,46.3177,always_irrigate,48h,470,1.0000,0.0000,0.7269,1.0000,1.0000,1.0000,1.0000,1.0000,1.0000,1.0000
25,46.3177,never_irrigate,48h,470,0.0000,1.0000,0.0000,0.2731,0.5462,1.3655,2.7310,5.4619,13.6549,27.3097
25,46.3177,mc_gauss,48h,470,0.0532,0.9470,0.0388,0.3119,0.5705,1.3464,2.6395,5.2258,12.9847,25.9161
25,46.3177,scp_persistence,48h,470,0.9553,0.0511,0.6961,0.9692,0.9831,1.0250,1.0947,1.2342,1.6525,2.3498
25,46.3177,enbpi_ridge,48h,470,1.0000,0.0000,0.7269,1.0000,1.0000,1.0000,1.0000,1.0000,1.0000,1.0000
25,46.3177,aci_persistence,48h,470,0.9762,0.0277,0.7106,0.9837,0.9913,1.0139,1.0517,1.1273,1.3539,1.7316
25,46.3177,aci_mc_sigma,48h,470,1.0000,0.0000,0.7269,1.0000,1.0000,1.0000,1.0000,1.0000,1.0000,1.0000
25,46.3177,aci_ens_sigma,48h,470,1.0000,0.0000,0.7269,1.0000,1.0000,1.0000,1.0000,1.0000,1.0000,1.0000
30,50.3501,oracle,6h,536,0.3114,0.0000,0.0000,0.3114,0.3114,0.3114,0.3114,0.3114,0.3114,0.3114
30,50.3501,always_irrigate,6h,536,1.0000,0.0000,0.6886,1.0000,1.0000,1.0000,1.0000,1.0000,1.0000,1.0000
30,50.3501,never_irrigate,6h,536,0.0000,1.0000,0.0000,0.3114,0.6229,1.5572,3.1145,6.2289,15.5723,31.1447
30,50.3501,mc_gauss,6h,536,0.2320,0.7741,0.1617,0.4731,0.7142,1.4374,2.6428,5.0536,12.2861,24.3401
30,50.3501,scp_persistence,6h,536,1.0000,0.0000,0.6886,1.0000,1.0000,1.0000,1.0000,1.0000,1.0000,1.0000
30,50.3501,enbpi_ridge,6h,536,1.0000,0.0000,0.6886,1.0000,1.0000,1.0000,1.0000,1.0000,1.0000,1.0000
30,50.3501,aci_persistence,6h,536,0.9866,0.0149,0.6798,0.9913,0.9959,1.0099,1.0331,1.0796,1.2191,1.4515
30,50.3501,aci_mc_sigma,6h,536,1.0000,0.0000,0.6886,1.0000,1.0000,1.0000,1.0000,1.0000,1.0000,1.0000
30,50.3501,aci_ens_sigma,6h,536,1.0000,0.0000,0.6886,1.0000,1.0000,1.0000,1.0000,1.0000,1.0000,1.0000
30,50.3501,oracle,12h,540,0.3138,0.0000,0.0000,0.3138,0.3138,0.3138,0.3138,0.3138,0.3138,0.3138
30,50.3501,always_irrigate,12h,540,1.0000,0.0000,0.6862,1.0000,1.0000,1.0000,1.0000,1.0000,1.0000,1.0000
30,50.3501,never_irrigate,12h,540,0.0000,1.0000,0.0000,0.3138,0.6275,1.5689,3.1377,6.2754,15.6886,31.3771
30,50.3501,mc_gauss,12h,540,0.1579,0.8457,0.1095,0.4233,0.6886,1.4847,2.8116,5.4653,13.4264,26.6948
30,50.3501,scp_persistence,12h,540,1.0000,0.0000,0.6862,1.0000,1.0000,1.0000,1.0000,1.0000,1.0000,1.0000
30,50.3501,enbpi_ridge,12h,540,1.0000,0.0000,0.6862,1.0000,1.0000,1.0000,1.0000,1.0000,1.0000,1.0000
30,50.3501,aci_persistence,12h,540,0.9930,0.0074,0.6816,0.9954,0.9977,1.0046,1.0163,1.0395,1.1092,1.2255
30,50.3501,aci_mc_sigma,12h,540,1.0000,0.0000,0.6862,1.0000,1.0000,1.0000,1.0000,1.0000,1.0000,1.0000
30,50.3501,aci_ens_sigma,12h,540,1.0000,0.0000,0.6862,1.0000,1.0000,1.0000,1.0000,1.0000,1.0000,1.0000
30,50.3501,oracle,24h,541,0.3144,0.0000,0.0000,0.3144,0.3144,0.3144,0.3144,0.3144,0.3144,0.3144
30,50.3501,always_irrigate,24h,541,1.0000,0.0000,0.6856,1.0000,1.0000,1.0000,1.0000,1.0000,1.0000,1.0000
30,50.3501,never_irrigate,24h,541,0.0000,1.0000,0.0000,0.3144,0.6287,1.5718,3.1435,6.2870,15.7176,31.4352
30,50.3501,mc_gauss,24h,541,0.2081,0.7993,0.1450,0.4593,0.7106,1.4643,2.7206,5.2331,12.7705,25.3330
30,50.3501,scp_persistence,24h,541,1.0000,0.0000,0.6856,1.0000,1.0000,1.0000,1.0000,1.0000,1.0000,1.0000
30,50.3501,enbpi_ridge,24h,541,1.0000,0.0000,0.6856,1.0000,1.0000,1.0000,1.0000,1.0000,1.0000,1.0000
30,50.3501,aci_persistence,24h,541,0.9924,0.0055,0.6798,0.9942,0.9959,1.0012,1.0099,1.0273,1.0796,1.1668
30,50.3501,aci_mc_sigma,24h,541,1.0000,0.0000,0.6856,1.0000,1.0000,1.0000,1.0000,1.0000,1.0000,1.0000
30,50.3501,aci_ens_sigma,24h,541,1.0000,0.0000,0.6856,1.0000,1.0000,1.0000,1.0000,1.0000,1.0000,1.0000
30,50.3501,oracle,48h,547,0.3178,0.0000,0.0000,0.3178,0.3178,0.3178,0.3178,0.3178,0.3178,0.3178
30,50.3501,always_irrigate,48h,547,1.0000,0.0000,0.6822,1.0000,1.0000,1.0000,1.0000,1.0000,1.0000,1.0000
30,50.3501,never_irrigate,48h,547,0.0000,1.0000,0.0000,0.3178,0.6357,1.5892,3.1784,6.3568,15.8919,31.7838
30,50.3501,mc_gauss,48h,547,0.2493,0.7467,0.1688,0.4867,0.7240,1.4360,2.6227,4.9960,12.1160,23.9826
30,50.3501,scp_persistence,48h,547,1.0000,0.0000,0.6822,1.0000,1.0000,1.0000,1.0000,1.0000,1.0000,1.0000
30,50.3501,enbpi_ridge,48h,547,1.0000,0.0000,0.6822,1.0000,1.0000,1.0000,1.0000,1.0000,1.0000,1.0000
30,50.3501,aci_persistence,48h,547,0.9954,0.0073,0.6798,0.9977,1.0000,1.0070,1.0186,1.0418,1.1116,1.2278
30,50.3501,aci_mc_sigma,48h,547,1.0000,0.0000,0.6822,1.0000,1.0000,1.0000,1.0000,1.0000,1.0000,1.0000
30,50.3501,aci_ens_sigma,48h,547,1.0000,0.0000,0.6822,1.0000,1.0000,1.0000,1.0000,1.0000,1.0000,1.0000
35,53.7074,oracle,6h,609,0.3539,0.0000,0.0000,0.3539,0.3539,0.3539,0.3539,0.3539,0.3539,0.3539
35,53.7074,always_irrigate,6h,609,1.0000,0.0000,0.6461,1.0000,1.0000,1.0000,1.0000,1.0000,1.0000,1.0000
35,53.7074,never_irrigate,6h,609,0.0000,1.0000,0.0000,0.3539,0.7077,1.7693,3.5386,7.0773,17.6932,35.3864
35,53.7074,mc_gauss,6h,609,0.8395,0.1594,0.5420,0.8958,0.9522,1.1214,1.4034,1.9673,3.6590,6.4786
35,53.7074,scp_persistence,6h,609,1.0000,0.0000,0.6461,1.0000,1.0000,1.0000,1.0000,1.0000,1.0000,1.0000
35,53.7074,enbpi_ridge,6h,609,1.0000,0.0000,0.6461,1.0000,1.0000,1.0000,1.0000,1.0000,1.0000,1.0000
35,53.7074,aci_persistence,6h,609,0.9971,0.0033,0.6444,0.9983,0.9994,1.0029,1.0087,1.0203,1.0552,1.1133
35,53.7074,aci_mc_sigma,6h,609,1.0000,0.0000,0.6461,1.0000,1.0000,1.0000,1.0000,1.0000,1.0000,1.0000
35,53.7074,aci_ens_sigma,6h,609,1.0000,0.0000,0.6461,1.0000,1.0000,1.0000,1.0000,1.0000,1.0000,1.0000
35,53.7074,oracle,12h,613,0.3562,0.0000,0.0000,0.3562,0.3562,0.3562,0.3562,0.3562,0.3562,0.3562
35,53.7074,always_irrigate,12h,613,1.0000,0.0000,0.6438,1.0000,1.0000,1.0000,1.0000,1.0000,1.0000,1.0000
35,53.7074,never_irrigate,12h,613,0.0000,1.0000,0.0000,0.3562,0.7124,1.7809,3.5619,7.1238,17.8094,35.6188
35,53.7074,mc_gauss,12h,613,0.7843,0.2250,0.5083,0.8644,0.9446,1.1851,1.5859,2.3874,4.7921,8.8000
35,53.7074,scp_persistence,12h,613,1.0000,0.0000,0.6438,1.0000,1.0000,1.0000,1.0000,1.0000,1.0000,1.0000
35,53.7074,enbpi_ridge,12h,613,1.0000,0.0000,0.6438,1.0000,1.0000,1.0000,1.0000,1.0000,1.0000,1.0000
35,53.7074,aci_persistence,12h,613,0.9977,0.0049,0.6432,0.9994,1.0012,1.0064,1.0151,1.0325,1.0848,1.1720
35,53.7074,aci_mc_sigma,12h,613,1.0000,0.0000,0.6438,1.0000,1.0000,1.0000,1.0000,1.0000,1.0000,1.0000
35,53.7074,aci_ens_sigma,12h,613,1.0000,0.0000,0.6438,1.0000,1.0000,1.0000,1.0000,1.0000,1.0000,1.0000
35,53.7074,oracle,24h,615,0.3574,0.0000,0.0000,0.3574,0.3574,0.3574,0.3574,0.3574,0.3574,0.3574
35,53.7074,always_irrigate,24h,615,1.0000,0.0000,0.6426,1.0000,1.0000,1.0000,1.0000,1.0000,1.0000,1.0000
35,53.7074,never_irrigate,24h,615,0.0000,1.0000,0.0000,0.3574,0.7147,1.7868,3.5735,7.1470,17.8675,35.7350
35,53.7074,mc_gauss,24h,615,0.8279,0.1801,0.5349,0.8923,0.9566,1.1497,1.4714,2.1150,4.0455,7.2631
35,53.7074,scp_persistence,24h,615,1.0000,0.0000,0.6426,1.0000,1.0000,1.0000,1.0000,1.0000,1.0000,1.0000
35,53.7074,enbpi_ridge,24h,615,1.0000,0.0000,0.6426,1.0000,1.0000,1.0000,1.0000,1.0000,1.0000,1.0000
35,53.7074,aci_persistence,24h,615,0.9988,0.0033,0.6426,1.0000,1.0012,1.0046,1.0105,1.0221,1.0569,1.1150
35,53.7074,aci_mc_sigma,24h,615,1.0000,0.0000,0.6426,1.0000,1.0000,1.0000,1.0000,1.0000,1.0000,1.0000
35,53.7074,aci_ens_sigma,24h,615,1.0000,0.0000,0.6426,1.0000,1.0000,1.0000,1.0000,1.0000,1.0000,1.0000
35,53.7074,oracle,48h,622,0.3614,0.0000,0.0000,0.3614,0.3614,0.3614,0.3614,0.3614,0.3614,0.3614
35,53.7074,always_irrigate,48h,622,1.0000,0.0000,0.6386,1.0000,1.0000,1.0000,1.0000,1.0000,1.0000,1.0000
35,53.7074,never_irrigate,48h,622,0.0000,1.0000,0.0000,0.3614,0.7228,1.8071,3.6142,7.2284,18.0709,36.1418
35,53.7074,mc_gauss,48h,622,0.8362,0.1708,0.5365,0.8979,0.9596,1.1449,1.4535,2.0709,3.9230,7.0099
35,53.7074,scp_persistence,48h,622,1.0000,0.0000,0.6386,1.0000,1.0000,1.0000,1.0000,1.0000,1.0000,1.0000
35,53.7074,enbpi_ridge,48h,622,1.0000,0.0000,0.6386,1.0000,1.0000,1.0000,1.0000,1.0000,1.0000,1.0000
35,53.7074,aci_persistence,48h,622,0.9988,0.0032,0.6386,1.0000,1.0012,1.0046,1.0105,1.0221,1.0569,1.1150
35,53.7074,aci_mc_sigma,48h,622,1.0000,0.0000,0.6386,1.0000,1.0000,1.0000,1.0000,1.0000,1.0000,1.0000
35,53.7074,aci_ens_sigma,48h,622,1.0000,0.0000,0.6386,1.0000,1.0000,1.0000,1.0000,1.0000,1.0000,1.0000
40,57.0347,oracle,6h,698,0.4056,0.0000,0.0000,0.4056,0.4056,0.4056,0.4056,0.4056,0.4056,0.4056
40,57.0347,always_irrigate,6h,698,1.0000,0.0000,0.5944,1.0000,1.0000,1.0000,1.0000,1.0000,1.0000,1.0000
40,57.0347,never_irrigate,6h,698,0.0000,1.0000,0.0000,0.4056,0.8112,2.0279,4.0558,8.1116,20.2789,40.5578
40,57.0347,mc_gauss,6h,698,0.9992,0.0008,0.5940,0.9995,0.9999,1.0008,1.0024,1.0056,1.0152,1.0312
40,57.0347,scp_persistence,6h,698,1.0000,0.0000,0.5944,1.0000,1.0000,1.0000,1.0000,1.0000,1.0000,1.0000
40,57.0347,enbpi_ridge,6h,698,1.0000,0.0000,0.5944,1.0000,1.0000,1.0000,1.0000,1.0000,1.0000,1.0000
40,57.0347,aci_persistence,6h,698,1.0000,0.0000,0.5944,1.0000,1.0000,1.0000,1.0000,1.0000,1.0000,1.0000
40,57.0347,aci_mc_sigma,6h,698,1.0000,0.0000,0.5944,1.0000,1.0000,1.0000,1.0000,1.0000,1.0000,1.0000
40,57.0347,aci_ens_sigma,6h,698,1.0000,0.0000,0.5944,1.0000,1.0000,1.0000,1.0000,1.0000,1.0000,1.0000
40,57.0347,oracle,12h,702,0.4079,0.0000,0.0000,0.4079,0.4079,0.4079,0.4079,0.4079,0.4079,0.4079
40,57.0347,always_irrigate,12h,702,1.0000,0.0000,0.5921,1.0000,1.0000,1.0000,1.0000,1.0000,1.0000,1.0000
40,57.0347,never_irrigate,12h,702,0.0000,1.0000,0.0000,0.4079,0.8158,2.0395,4.0790,8.1580,20.3951,40.7902
40,57.0347,mc_gauss,12h,702,0.9982,0.0019,0.5911,0.9990,0.9998,1.0021,1.0061,1.0139,1.0374,1.0767
40,57.0347,scp_persistence,12h,702,1.0000,0.0000,0.5921,1.0000,1.0000,1.0000,1.0000,1.0000,1.0000,1.0000
40,57.0347,enbpi_ridge,12h,702,1.0000,0.0000,0.5921,1.0000,1.0000,1.0000,1.0000,1.0000,1.0000,1.0000
40,57.0347,aci_persistence,12h,702,1.0000,0.0000,0.5921,1.0000,1.0000,1.0000,1.0000,1.0000,1.0000,1.0000
40,57.0347,aci_mc_sigma,12h,702,1.0000,0.0000,0.5921,1.0000,1.0000,1.0000,1.0000,1.0000,1.0000,1.0000
40,57.0347,aci_ens_sigma,12h,702,1.0000,0.0000,0.5921,1.0000,1.0000,1.0000,1.0000,1.0000,1.0000,1.0000
40,57.0347,oracle,24h,704,0.4091,0.0000,0.0000,0.4091,0.4091,0.4091,0.4091,0.4091,0.4091,0.4091
40,57.0347,always_irrigate,24h,704,1.0000,0.0000,0.5909,1.0000,1.0000,1.0000,1.0000,1.0000,1.0000,1.0000
40,57.0347,never_irrigate,24h,704,0.0000,1.0000,0.0000,0.4091,0.8181,2.0453,4.0906,8.1813,20.4532,40.9064
40,57.0347,mc_gauss,24h,704,0.9986,0.0017,0.5902,0.9993,1.0000,1.0021,1.0056,1.0126,1.0335,1.0683
40,57.0347,scp_persistence,24h,704,1.0000,0.0000,0.5909,1.0000,1.0000,1.0000,1.0000,1.0000,1.0000,1.0000
40,57.0347,enbpi_ridge,24h,704,1.0000,0.0000,0.5909,1.0000,1.0000,1.0000,1.0000,1.0000,1.0000,1.0000
40,57.0347,aci_persistence,24h,704,1.0000,0.0000,0.5909,1.0000,1.0000,1.0000,1.0000,1.0000,1.0000,1.0000
40,57.0347,aci_mc_sigma,24h,704,1.0000,0.0000,0.5909,1.0000,1.0000,1.0000,1.0000,1.0000,1.0000,1.0000
40,57.0347,aci_ens_sigma,24h,704,1.0000,0.0000,0.5909,1.0000,1.0000,1.0000,1.0000,1.0000,1.0000,1.0000
40,57.0347,oracle,48h,710,0.4126,0.0000,0.0000,0.4126,0.4126,0.4126,0.4126,0.4126,0.4126,0.4126
40,57.0347,always_irrigate,48h,710,1.0000,0.0000,0.5874,1.0000,1.0000,1.0000,1.0000,1.0000,1.0000,1.0000
40,57.0347,never_irrigate,48h,710,0.0000,1.0000,0.0000,0.4126,0.8251,2.0628,4.1255,8.2510,20.6275,41.2551
40,57.0347,mc_gauss,48h,710,0.9988,0.0010,0.5866,0.9992,0.9996,1.0008,1.0028,1.0069,1.0191,1.0394
40,57.0347,scp_persistence,48h,710,1.0000,0.0000,0.5874,1.0000,1.0000,1.0000,1.0000,1.0000,1.0000,1.0000
40,57.0347,enbpi_ridge,48h,710,1.0000,0.0000,0.5874,1.0000,1.0000,1.0000,1.0000,1.0000,1.0000,1.0000
40,57.0347,aci_persistence,48h,710,1.0000,0.0000,0.5874,1.0000,1.0000,1.0000,1.0000,1.0000,1.0000,1.0000
40,57.0347,aci_mc_sigma,48h,710,1.0000,0.0000,0.5874,1.0000,1.0000,1.0000,1.0000,1.0000,1.0000,1.0000
40,57.0347,aci_ens_sigma,48h,710,1.0000,0.0000,0.5874,1.0000,1.0000,1.0000,1.0000,1.0000,1.0000,1.0000
50,63.1743,oracle,6h,869,0.5049,0.0000,0.0000,0.5049,0.5049,0.5049,0.5049,0.5049,0.5049,0.5049
50,63.1743,always_irrigate,6h,869,1.0000,0.0000,0.4951,1.0000,1.0000,1.0000,1.0000,1.0000,1.0000,1.0000
50,63.1743,never_irrigate,6h,869,0.0000,1.0000,0.0000,0.5049,1.0099,2.5247,5.0494,10.0988,25.2469,50.4939
50,63.1743,mc_gauss,6h,869,1.0000,0.0000,0.4951,1.0000,1.0000,1.0000,1.0000,1.0000,1.0000,1.0000
50,63.1743,scp_persistence,6h,869,1.0000,0.0000,0.4951,1.0000,1.0000,1.0000,1.0000,1.0000,1.0000,1.0000
50,63.1743,enbpi_ridge,6h,869,1.0000,0.0000,0.4951,1.0000,1.0000,1.0000,1.0000,1.0000,1.0000,1.0000
50,63.1743,aci_persistence,6h,869,1.0000,0.0000,0.4951,1.0000,1.0000,1.0000,1.0000,1.0000,1.0000,1.0000
50,63.1743,aci_mc_sigma,6h,869,1.0000,0.0000,0.4951,1.0000,1.0000,1.0000,1.0000,1.0000,1.0000,1.0000
50,63.1743,aci_ens_sigma,6h,869,1.0000,0.0000,0.4951,1.0000,1.0000,1.0000,1.0000,1.0000,1.0000,1.0000
50,63.1743,oracle,12h,872,0.5067,0.0000,0.0000,0.5067,0.5067,0.5067,0.5067,0.5067,0.5067,0.5067
50,63.1743,always_irrigate,12h,872,1.0000,0.0000,0.4933,1.0000,1.0000,1.0000,1.0000,1.0000,1.0000,1.0000
50,63.1743,never_irrigate,12h,872,0.0000,1.0000,0.0000,0.5067,1.0134,2.5334,5.0668,10.1336,25.3341,50.6682
50,63.1743,mc_gauss,12h,872,1.0000,0.0000,0.4933,1.0000,1.0000,1.0000,1.0000,1.0000,1.0000,1.0000
50,63.1743,scp_persistence,12h,872,1.0000,0.0000,0.4933,1.0000,1.0000,1.0000,1.0000,1.0000,1.0000,1.0000
50,63.1743,enbpi_ridge,12h,872,1.0000,0.0000,0.4933,1.0000,1.0000,1.0000,1.0000,1.0000,1.0000,1.0000
50,63.1743,aci_persistence,12h,872,1.0000,0.0000,0.4933,1.0000,1.0000,1.0000,1.0000,1.0000,1.0000,1.0000
50,63.1743,aci_mc_sigma,12h,872,1.0000,0.0000,0.4933,1.0000,1.0000,1.0000,1.0000,1.0000,1.0000,1.0000
50,63.1743,aci_ens_sigma,12h,872,1.0000,0.0000,0.4933,1.0000,1.0000,1.0000,1.0000,1.0000,1.0000,1.0000
50,63.1743,oracle,24h,875,0.5084,0.0000,0.0000,0.5084,0.5084,0.5084,0.5084,0.5084,0.5084,0.5084
50,63.1743,always_irrigate,24h,875,1.0000,0.0000,0.4916,1.0000,1.0000,1.0000,1.0000,1.0000,1.0000,1.0000
50,63.1743,never_irrigate,24h,875,0.0000,1.0000,0.0000,0.5084,1.0169,2.5421,5.0843,10.1685,25.4213,50.8425
50,63.1743,mc_gauss,24h,875,1.0000,0.0000,0.4916,1.0000,1.0000,1.0000,1.0000,1.0000,1.0000,1.0000
50,63.1743,scp_persistence,24h,875,1.0000,0.0000,0.4916,1.0000,1.0000,1.0000,1.0000,1.0000,1.0000,1.0000
50,63.1743,enbpi_ridge,24h,875,1.0000,0.0000,0.4916,1.0000,1.0000,1.0000,1.0000,1.0000,1.0000,1.0000
50,63.1743,aci_persistence,24h,875,1.0000,0.0000,0.4916,1.0000,1.0000,1.0000,1.0000,1.0000,1.0000,1.0000
50,63.1743,aci_mc_sigma,24h,875,1.0000,0.0000,0.4916,1.0000,1.0000,1.0000,1.0000,1.0000,1.0000,1.0000
50,63.1743,aci_ens_sigma,24h,875,1.0000,0.0000,0.4916,1.0000,1.0000,1.0000,1.0000,1.0000,1.0000,1.0000
50,63.1743,oracle,48h,878,0.5102,0.0000,0.0000,0.5102,0.5102,0.5102,0.5102,0.5102,0.5102,0.5102
50,63.1743,always_irrigate,48h,878,1.0000,0.0000,0.4898,1.0000,1.0000,1.0000,1.0000,1.0000,1.0000,1.0000
50,63.1743,never_irrigate,48h,878,0.0000,1.0000,0.0000,0.5102,1.0203,2.5508,5.1017,10.2034,25.5084,51.0169
50,63.1743,mc_gauss,48h,878,1.0000,0.0000,0.4898,1.0000,1.0000,1.0000,1.0000,1.0000,1.0000,1.0000
50,63.1743,scp_persistence,48h,878,1.0000,0.0000,0.4898,1.0000,1.0000,1.0000,1.0000,1.0000,1.0000,1.0000
50,63.1743,enbpi_ridge,48h,878,1.0000,0.0000,0.4898,1.0000,1.0000,1.0000,1.0000,1.0000,1.0000,1.0000
50,63.1743,aci_persistence,48h,878,1.0000,0.0000,0.4898,1.0000,1.0000,1.0000,1.0000,1.0000,1.0000,1.0000
50,63.1743,aci_mc_sigma,48h,878,1.0000,0.0000,0.4898,1.0000,1.0000,1.0000,1.0000,1.0000,1.0000,1.0000
50,63.1743,aci_ens_sigma,48h,878,1.0000,0.0000,0.4898,1.0000,1.0000,1.0000,1.0000,1.0000,1.0000,1.0000
