method,level,horizon,picp,mpiw,winkler
ens_gauss,0.9,6h,0.0180,1.108,360.238
ens_mc_gauss,0.9,6h,0.3202,21.062,215.280
scp_ens_sigma,0.9,6h,0.8826,68.585,78.238
aci_ens_sigma,0.9,6h,0.9006,70.165,78.628
ens_gauss,0.9,12h,0.0203,1.089,361.641
ens_mc_gauss,0.9,12h,0.3173,20.811,218.027
scp_ens_sigma,0.9,12h,0.8861,69.261,78.840
aci_ens_sigma,0.9,12h,0.9001,71.219,79.311
ens_gauss,0.9,24h,0.0180,1.080,361.561
ens_mc_gauss,0.9,24h,0.3300,21.790,211.762
scp_ens_sigma,0.9,24h,0.8850,69.772,78.732
aci_ens_sigma,0.9,24h,0.9006,70.948,79.106
ens_gauss,0.9,48h,0.0151,1.035,362.694
ens_mc_gauss,0.9,48h,0.3149,21.260,215.216
scp_ens_sigma,0.9,48h,0.8861,68.868,78.563
aci_ens_sigma,0.9,48h,0.9006,70.653,78.894
ens_gauss,0.95,6h,0.0221,1.320,715.417
ens_mc_gauss,0.95,6h,0.3626,25.097,360.499
scp_ens_sigma,0.95,6h,0.9407,74.833,83.424
aci_ens_sigma,0.95,6h,0.9500,76.933,84.263
ens_gauss,0.95,12h,0.0227,1.298,718.318
ens_mc_gauss,0.95,12h,0.3579,24.798,366.536
scp_ens_sigma,0.95,12h,0.9419,75.713,84.162
aci_ens_sigma,0.95,12h,0.9500,77.690,85.533
ens_gauss,0.95,24h,0.0198,1.287,718.194
ens_mc_gauss,0.95,24h,0.3794,25.964,351.952
scp_ens_sigma,0.95,24h,0.9483,75.724,84.026
aci_ens_sigma,0.95,24h,0.9500,76.908,85.398
ens_gauss,0.95,48h,0.0169,1.234,720.651
ens_mc_gauss,0.95,48h,0.3696,25.332,359.832
scp_ens_sigma,0.95,48h,0.9402,74.928,84.072
aci_ens_sigma,0.95,48h,0.9506,77.616,85.335
scp_gbr,0.9,6h,0.8960,71.714,83.005
aci_gbr,0.9,6h,0.9006,72.547,83.563
scp_gbr,0.9,12h,0.8896,70.936,83.677
aci_gbr,0.9,12h,0.9001,73.186,84.069
scp_gbr,0.9,24h,0.8832,71.020,83.488
aci_gbr,0.9,24h,0.9001,73.040,83.927
scp_gbr,0.9,48h,0.8908,70.945,82.917
aci_gbr,0.9,48h,0.9006,72.697,83.284
scp_gbr,0.95,6h,0.9425,79.462,89.529
aci_gbr,0.95,6h,0.9494,81.627,90.775
scp_gbr,0.95,12h,0.9355,78.516,90.805
aci_gbr,0.95,12h,0.9494,82.626,91.374
scp_gbr,0.95,24h,0.9320,77.359,90.366
aci_gbr,0.95,24h,0.9494,81.288,91.053
scp_gbr,0.95,48h,0.9465,79.270,89.916
aci_gbr,0.95,48h,0.9500,81.188,91.319
enbpi_ridge,0.9,6h,0.8989,71.347,80.227
enbpi_ridge,0.95,6h,0.9477,77.949,86.069
enbpi_ridge,0.9,12h,0.8995,70.947,80.506
enbpi_ridge,0.95,12h,0.9494,78.410,86.914
enbpi_ridge,0.9,24h,0.9012,70.923,79.958
enbpi_ridge,0.95,24h,0.9535,77.806,86.024
enbpi_ridge,0.9,48h,0.9006,70.312,79.874
enbpi_ridge,0.95,48h,0.9512,77.754,86.085
