cap_min,horizon_h,n_seq,n_train,n_cal,n_test,n_train_dropped,n_cal_dropped,scp_picp,scp_mpiw,aci_picp,aci_mpiw
15,6,4447,2596,817,890,72,72,0.9955056179775281,10.0,0.9011235955056179,5.803069662921346
15,12,4086,2307,673,818,144,144,1.0,14.0,0.8202933985330073,6.124706601466991
15,24,3424,1801,653,686,253,31,0.9737609329446064,14.0,0.9475218658892128,37.57010495626819
15,48,3032,1255,514,607,564,92,0.6260296540362438,14.0,0.6260296540362438,28.944102141680396
30,6,4481,2616,824,897,72,72,0.9955406911928651,10.0,0.903010033444816,5.657966555183946
30,12,4162,2353,688,833,144,144,1.0,14.0,0.8343337334933973,6.086264105642253
30,24,3424,1801,653,686,253,31,0.9737609329446064,14.0,0.9475218658892128,37.57010495626819
30,48,3040,1260,517,608,564,91,0.625,14.0,0.625,28.95567434210526
60,6,4619,2699,851,925,72,72,0.9956756756756757,10.0,0.9027027027027027,4.849344864864853
60,12,4227,2392,701,846,144,144,1.0,14.0,0.8333333333333334,5.695108747044917
60,24,3471,1794,663,695,288,31,0.9683453237410072,14.0,0.9496402877697842,44.36157410071931
60,48,3087,1276,536,618,576,81,0.6148867313915858,14.0,0.6148867313915858,29.170016181229773
120,6,4619,2699,851,925,72,72,0.9956756756756757,10.0,0.9027027027027027,4.849344864864853
120,12,4227,2392,701,846,144,144,1.0,14.0,0.8333333333333334,5.695108747044917
120,24,3471,1794,663,695,288,31,0.9683453237410072,14.0,0.9496402877697842,44.36157410071931
120,48,3087,1276,536,618,576,81,0.6148867313915858,14.0,0.6148867313915858,29.170016181229773
